level,user,log_name,opcode,computer,keyword,hour,day_of_week,is_weekend,risk_score,priority
-1.0172426498607163,1.0165738831452678,0.0,1.0165738831452678,-1.574975936033522,0.018133923944703395,-0.912601773980148,0.5637437107602843,-0.5069761270399522,0.3508154043184627,Medium
-1.0172426498607163,1.0165738831452678,0.0,1.0165738831452678,0.6349303358363921,0.018133923944703395,0.4899114100390549,1.389012415347765,1.97247946533229,0.14692596547518133,Low
-1.0172426498607163,1.0165738831452678,0.0,1.0165738831452678,0.6349303358363921,0.018133923944703395,1.471670638852497,1.389012415347765,1.97247946533229,0.3767625192200471,Medium
-1.0172426498607163,1.0165738831452678,0.0,1.0165738831452678,0.6349303358363921,0.018133923944703395,0.20940877323521434,1.389012415347765,1.97247946533229,0.5558675566420004,Medium
0.9830496196132974,-0.983696331943933,0.0,-0.983696331943933,0.6349303358363921,0.018133923944703395,-0.7723504555782277,-1.0867936984146773,-0.5069761270399522,0.0,Low
0.9830496196132974,-0.983696331943933,0.0,-0.983696331943933,0.6349303358363921,0.018133923944703395,-0.7723504555782277,-1.0867936984146773,-0.5069761270399522,0.0,Low
0.9830496196132974,-0.983696331943933,0.0,-0.983696331943933,0.6349303358363921,0.018133923944703395,-0.35159650037246676,-0.2615249938271965,-0.5069761270399522,0.13659059428767417,Low
0.9830496196132974,-0.983696331943933,0.0,-0.983696331943933,0.6349303358363921,0.018133923944703395,-0.7723504555782277,-1.0867936984146773,-0.5069761270399522,0.0,Low
-1.0172426498607163,1.0165738831452678,0.0,1.0165738831452678,-1.574975936033522,0.018133923944703395,-0.7723504555782277,0.5637437107602843,-0.5069761270399522,0.22177483732159198,Low
-1.0172426498607163,1.0165738831452678,0.0,1.0165738831452678,0.6349303358363921,0.018133923944703395,1.6119219572544172,1.389012415347765,1.97247946533229,0.6316939831625069,Medium
-1.0172426498607163,1.0165738831452678,0.0,1.0165738831452678,0.6349303358363921,0.018133923944703395,1.6119219572544172,1.389012415347765,1.97247946533229,0.6316939831625069,Medium
-1.0172426498607163,1.0165738831452678,0.0,1.0165738831452678,-1.574975936033522,0.018133923944703395,1.050916683646736,-0.2615249938271965,-0.5069761270399522,0.7591112610209242,High
0.9830496196132974,-0.983696331943933,0.0,-0.983696331943933,0.6349303358363921,0.018133923944703395,-0.35159650037246676,-0.2615249938271965,-0.5069761270399522,0.13659059428767417,Low
0.9830496196132974,-0.983696331943933,0.0,-0.983696331943933,0.6349303358363921,0.018133923944703395,1.471670638852497,-0.2615249938271965,-0.5069761270399522,0.06959503168766479,Low
-1.0172426498607163,1.0165738831452678,0.0,1.0165738831452678,0.6349303358363921,0.018133923944703395,0.6301627284409752,1.389012415347765,1.97247946533229,0.336331912890648,Medium
0.9830496196132974,-0.983696331943933,0.0,-0.983696331943933,0.6349303358363921,0.018133923944703395,-1.6138583659897494,-1.0867936984146773,-0.5069761270399522,0.28207680097326815,Low
0.9830496196132974,-0.983696331943933,0.0,-0.983696331943933,0.6349303358363921,0.018133923944703395,-0.7723504555782277,-1.0867936984146773,-0.5069761270399522,0.0,Low
0.9830496196132974,-0.983696331943933,0.0,-0.983696331943933,0.6349303358363921,0.018133923944703395,-0.2113451819705465,-0.2615249938271965,-0.5069761270399522,0.2222876005273401,Low
0.9830496196132974,-0.983696331943933,0.0,-0.983696331943933,0.6349303358363921,0.018133923944703395,1.471670638852497,-0.2615249938271965,-0.5069761270399522,0.06959503168766479,Low
-1.0172426498607163,1.0165738831452678,0.0,1.0165738831452678,-1.574975936033522,0.018133923944703395,-0.49184781877438705,0.5637437107602843,-0.5069761270399522,0.5106529753953506,Medium
-1.0172426498607163,1.0165738831452678,0.0,1.0165738831452678,0.6349303358363921,0.018133923944703395,1.050916683646736,1.389012415347765,1.97247946533229,0.32083684368396415,Low
-1.0172426498607163,1.0165738831452678,0.0,1.0165738831452678,-1.574975936033522,0.018133923944703395,-0.6320991371763074,0.5637437107602843,-0.5069761270399522,0.2270566047597583,Low
-1.0172426498607163,1.0165738831452678,0.0,1.0165738831452678,-1.574975936033522,0.018133923944703395,-0.6320991371763074,0.5637437107602843,-0.5069761270399522,0.2270566047597583,Low
0.9830496196132974,-0.983696331943933,0.0,-0.983696331943933,0.6349303358363921,0.018133923944703395,1.471670638852497,-0.2615249938271965,-0.5069761270399522,0.06959503168766479,Low
-1.0172426498607163,1.0165738831452678,0.0,1.0165738831452678,0.6349303358363921,0.018133923944703395,0.7704140468428955,1.389012415347765,1.97247946533229,0.37894460407466224,Medium
0.9830496196132974,-0.983696331943933,0.0,-0.983696331943933,0.6349303358363921,0.018133923944703395,-0.7723504555782277,-1.0867936984146773,-0.5069761270399522,0.0,Low
0.9830496196132974,-0.983696331943933,0.0,-0.983696331943933,0.6349303358363921,0.018133923944703395,-0.6320991371763074,-1.0867936984146773,-0.5069761270399522,0.013368133429590978,Low
0.9830496196132974,-0.983696331943933,0.0,-0.983696331943933,0.6349303358363921,0.018133923944703395,1.3314193204505766,-0.2615249938271965,-0.5069761270399522,0.43998883974915237,Medium
-1.0172426498607163,1.0165738831452678,0.0,1.0165738831452678,-1.574975936033522,0.018133923944703395,1.050916683646736,-0.2615249938271965,-0.5069761270399522,0.7591112610209242,High
-1.0172426498607163,1.0165738831452678,0.0,1.0165738831452678,0.6349303358363921,0.018133923944703395,-1.3333557291859088,2.214281119935246,1.97247946533229,0.585309646010201,Medium
0.9830496196132974,-0.983696331943933,0.0,-0.983696331943933,0.6349303358363921,0.018133923944703395,-0.912601773980148,-1.0867936984146773,-0.5069761270399522,0.08860458745589206,Low
-1.0172426498607163,1.0165738831452678,0.0,1.0165738831452678,-1.574975936033522,0.018133923944703395,-0.912601773980148,0.5637437107602843,-0.5069761270399522,0.3508154043184627,Medium
0.9830496196132974,-0.983696331943933,0.0,-0.983696331943933,0.6349303358363921,0.018133923944703395,-0.49184781877438705,-1.0867936984146773,-0.5069761270399522,0.0339083500328321,Low
-1.0172426498607163,1.0165738831452678,0.0,1.0165738831452678,-1.574975936033522,0.018133923944703395,-0.6320991371763074,0.5637437107602843,-0.5069761270399522,0.2270566047597583,Low
0.9830496196132974,-0.983696331943933,0.0,-0.983696331943933,0.6349303358363921,0.018133923944703395,-0.49184781877438705,-0.2615249938271965,-0.5069761270399522,0.4902664536629284,Medium
0.9830496196132974,-0.983696331943933,0.0,-0.983696331943933,0.6349303358363921,0.018133923944703395,-0.49184781877438705,-1.0867936984146773,-0.5069761270399522,0.0339083500328321,Low
-1.0172426498607163,1.0165738831452678,0.0,1.0165738831452678,0.6349303358363921,0.018133923944703395,1.050916683646736,1.389012415347765,1.97247946533229,0.32083684368396415,Low
0.9830496196132974,-0.983696331943933,0.0,-0.983696331943933,0.6349303358363921,0.018133923944703395,-0.35159650037246676,-0.2615249938271965,-0.5069761270399522,0.13659059428767417,Low
-1.0172426498607163,1.0165738831452678,0.0,1.0165738831452678,-1.574975936033522,0.018133923944703395,-0.912601773980148,0.5637437107602843,-0.5069761270399522,0.3508154043184627,Medium
-1.0172426498607163,1.0165738831452678,0.0,1.0165738831452678,-1.574975936033522,0.018133923944703395,-0.6320991371763074,0.5637437107602843,-0.5069761270399522,0.2270566047597583,Low
-1.0172426498607163,1.0165738831452678,0.0,1.0165738831452678,0.6349303358363921,0.018133923944703395,0.34966009163713463,1.389012415347765,1.97247946533229,0.5265052535222334,Medium
0.9830496196132974,-0.983696331943933,0.0,-0.983696331943933,0.6349303358363921,0.018133923944703395,-0.912601773980148,-1.0867936984146773,-0.5069761270399522,0.08860458745589206,Low
0.9830496196132974,-0.983696331943933,0.0,-0.983696331943933,0.6349303358363921,0.018133923944703395,1.471670638852497,-0.2615249938271965,-0.5069761270399522,0.06959503168766479,Low
-1.0172426498607163,1.0165738831452678,0.0,1.0165738831452678,-1.574975936033522,0.018133923944703395,1.1911680020486564,-0.2615249938271965,-0.5069761270399522,0.21869995047516422,Low
0.9830496196132974,-0.983696331943933,0.0,-0.983696331943933,0.6349303358363921,0.018133923944703395,1.471670638852497,-0.2615249938271965,-0.5069761270399522,0.06959503168766479,Low
0.9830496196132974,-0.983696331943933,0.0,-0.983696331943933,0.6349303358363921,0.018133923944703395,1.471670638852497,-0.2615249938271965,-0.5069761270399522,0.06959503168766479,Low
0.9830496196132974,-0.983696331943933,0.0,-0.983696331943933,0.6349303358363921,0.018133923944703395,1.471670638852497,-0.2615249938271965,-0.5069761270399522,0.06959503168766479,Low
-1.0172426498607163,1.0165738831452678,0.0,1.0165738831452678,-1.574975936033522,0.018133923944703395,-0.7723504555782277,0.5637437107602843,-0.5069761270399522,0.22177483732159198,Low
0.9830496196132974,-0.983696331943933,0.0,-0.983696331943933,0.6349303358363921,0.018133923944703395,-0.2113451819705465,-0.2615249938271965,-0.5069761270399522,0.2222876005273401,Low
-1.0172426498607163,1.0165738831452678,0.0,1.0165738831452678,-1.574975936033522,0.018133923944703395,1.471670638852497,-0.2615249938271965,-0.5069761270399522,0.3698020088291347,Medium
0.9830496196132974,-0.983696331943933,0.0,-0.983696331943933,0.6349303358363921,0.018133923944703395,-1.6138583659897494,-1.0867936984146773,-0.5069761270399522,0.28207680097326815,Low
0.9830496196132974,-0.983696331943933,0.0,-0.983696331943933,0.6349303358363921,0.018133923944703395,-0.912601773980148,-1.0867936984146773,-0.5069761270399522,0.08860458745589206,Low
0.9830496196132974,-0.983696331943933,0.0,-0.983696331943933,0.6349303358363921,0.018133923944703395,-0.35159650037246676,-0.2615249938271965,-0.5069761270399522,0.13659059428767417,Low
-1.0172426498607163,1.0165738831452678,0.0,1.0165738831452678,0.6349303358363921,0.018133923944703395,1.471670638852497,1.389012415347765,1.97247946533229,0.3767625192200471,Medium
0.9830496196132974,-0.983696331943933,0.0,-0.983696331943933,0.6349303358363921,0.018133923944703395,1.6119219572544172,-1.912062403002158,-0.5069761270399522,0.9460034357408331,High
0.9830496196132974,-0.983696331943933,0.0,-0.983696331943933,0.6349303358363921,0.018133923944703395,1.3314193204505766,-0.2615249938271965,-0.5069761270399522,0.43998883974915237,Medium
-1.0172426498607163,1.0165738831452678,0.0,1.0165738831452678,-1.574975936033522,0.018133923944703395,1.050916683646736,-0.2615249938271965,-0.5069761270399522,0.7591112610209242,High
-1.0172426498607163,1.0165738831452678,0.0,1.0165738831452678,0.6349303358363921,0.018133923944703395,-1.3333557291859088,2.214281119935246,1.97247946533229,0.585309646010201,Medium
0.9830496196132974,-0.983696331943933,0.0,-0.983696331943933,0.6349303358363921,0.018133923944703395,-0.2113451819705465,-0.2615249938271965,-0.5069761270399522,0.2222876005273401,Low
-1.0172426498607163,1.0165738831452678,0.0,1.0165738831452678,0.6349303358363921,0.018133923944703395,-1.3333557291859088,2.214281119935246,1.97247946533229,0.585309646010201,Medium
0.9830496196132974,-0.983696331943933,0.0,-0.983696331943933,0.6349303358363921,0.018133923944703395,-0.2113451819705465,-0.2615249938271965,-0.5069761270399522,0.2222876005273401,Low
0.9830496196132974,-0.983696331943933,0.0,-0.983696331943933,0.6349303358363921,0.018133923944703395,-0.49184781877438705,-0.2615249938271965,-0.5069761270399522,0.4902664536629284,Medium
0.9830496196132974,-0.983696331943933,0.0,-0.983696331943933,0.6349303358363921,0.018133923944703395,-0.7723504555782277,-1.0867936984146773,-0.5069761270399522,0.0,Low
-1.0172426498607163,1.0165738831452678,0.0,1.0165738831452678,-1.574975936033522,0.018133923944703395,-0.7723504555782277,0.5637437107602843,-0.5069761270399522,0.22177483732159198,Low
-1.0172426498607163,1.0165738831452678,0.0,1.0165738831452678,-1.574975936033522,0.018133923944703395,-0.7723504555782277,0.5637437107602843,-0.5069761270399522,0.22177483732159198,Low
0.9830496196132974,-0.983696331943933,0.0,-0.983696331943933,0.6349303358363921,0.018133923944703395,1.471670638852497,-0.2615249938271965,-0.5069761270399522,0.06959503168766479,Low
-1.0172426498607163,1.0165738831452678,0.0,1.0165738831452678,0.6349303358363921,0.018133923944703395,0.34966009163713463,1.389012415347765,1.97247946533229,0.5265052535222334,Medium
0.9830496196132974,-0.983696331943933,0.0,-0.983696331943933,0.6349303358363921,0.018133923944703395,-0.7723504555782277,-1.0867936984146773,-0.5069761270399522,0.0,Low
-1.0172426498607163,1.0165738831452678,0.0,1.0165738831452678,0.6349303358363921,0.018133923944703395,-1.3333557291859088,2.214281119935246,1.97247946533229,0.585309646010201,Medium
-1.0172426498607163,1.0165738831452678,0.0,1.0165738831452678,-1.574975936033522,0.018133923944703395,-0.7723504555782277,0.5637437107602843,-0.5069761270399522,0.22177483732159198,Low
-1.0172426498607163,1.0165738831452678,0.0,1.0165738831452678,-1.574975936033522,0.018133923944703395,-0.912601773980148,0.5637437107602843,-0.5069761270399522,0.3508154043184627,Medium
0.9830496196132974,-0.983696331943933,0.0,-0.983696331943933,0.6349303358363921,0.018133923944703395,1.471670638852497,-0.2615249938271965,-0.5069761270399522,0.06959503168766479,Low
0.9830496196132974,-0.983696331943933,0.0,-0.983696331943933,0.6349303358363921,0.018133923944703395,-0.35159650037246676,-0.2615249938271965,-0.5069761270399522,0.13659059428767417,Low
0.9830496196132974,-0.983696331943933,0.0,-0.983696331943933,0.6349303358363921,0.018133923944703395,-1.6138583659897494,-1.0867936984146773,-0.5069761270399522,0.28207680097326815,Low
0.9830496196132974,-0.983696331943933,0.0,-0.983696331943933,0.6349303358363921,0.018133923944703395,-0.07109386356862622,-0.2615249938271965,-0.5069761270399522,0.5419933729081817,Medium
0.9830496196132974,-0.983696331943933,0.0,-0.983696331943933,0.6349303358363921,0.018133923944703395,0.4899114100390549,-1.0867936984146773,-0.5069761270399522,0.3459144990257945,Medium
0.9830496196132974,-0.983696331943933,0.0,-0.983696331943933,0.6349303358363921,0.018133923944703395,1.471670638852497,-0.2615249938271965,-0.5069761270399522,0.06959503168766479,Low
0.9830496196132974,-0.983696331943933,0.0,-0.983696331943933,0.6349303358363921,0.018133923944703395,-1.6138583659897494,-1.0867936984146773,-0.5069761270399522,0.28207680097326815,Low
-1.0172426498607163,1.0165738831452678,0.0,1.0165738831452678,0.6349303358363921,0.018133923944703395,0.20940877323521434,1.389012415347765,1.97247946533229,0.5558675566420004,Medium
0.9830496196132974,-0.983696331943933,0.0,-0.983696331943933,0.6349303358363921,0.018133923944703395,-0.6320991371763074,-1.0867936984146773,-0.5069761270399522,0.013368133429590978,Low
-1.0172426498607163,1.0165738831452678,0.0,1.0165738831452678,-1.574975936033522,0.018133923944703395,-0.49184781877438705,0.5637437107602843,-0.5069761270399522,0.5106529753953506,Medium
0.9830496196132974,-0.983696331943933,0.0,-0.983696331943933,0.6349303358363921,0.018133923944703395,1.471670638852497,-0.2615249938271965,-0.5069761270399522,0.06959503168766479,Low
-1.0172426498607163,1.0165738831452678,0.0,1.0165738831452678,0.6349303358363921,0.018133923944703395,0.6301627284409752,1.389012415347765,1.97247946533229,0.336331912890648,Medium
0.9830496196132974,-0.983696331943933,0.0,-0.983696331943933,0.6349303358363921,0.018133923944703395,-0.2113451819705465,-0.2615249938271965,-0.5069761270399522,0.2222876005273401,Low
0.9830496196132974,-0.983696331943933,0.0,-0.983696331943933,0.6349303358363921,0.018133923944703395,-0.6320991371763074,-1.0867936984146773,-0.5069761270399522,0.013368133429590978,Low
-1.0172426498607163,1.0165738831452678,0.0,1.0165738831452678,-1.574975936033522,0.018133923944703395,1.471670638852497,-0.2615249938271965,-0.5069761270399522,0.3698020088291347,Medium
0.9830496196132974,-0.983696331943933,0.0,-0.983696331943933,0.6349303358363921,0.018133923944703395,-1.6138583659897494,-1.0867936984146773,-0.5069761270399522,0.28207680097326815,Low
-1.0172426498607163,1.0165738831452678,0.0,1.0165738831452678,0.6349303358363921,0.018133923944703395,0.6301627284409752,1.389012415347765,1.97247946533229,0.336331912890648,Medium
0.9830496196132974,-0.983696331943933,0.0,-0.983696331943933,0.6349303358363921,0.018133923944703395,-0.6320991371763074,-1.0867936984146773,-0.5069761270399522,0.013368133429590978,Low
-1.0172426498607163,1.0165738831452678,0.0,1.0165738831452678,-1.574975936033522,0.018133923944703395,-0.7723504555782277,0.5637437107602843,-0.5069761270399522,0.22177483732159198,Low
-1.0172426498607163,1.0165738831452678,0.0,1.0165738831452678,-1.574975936033522,0.018133923944703395,1.1911680020486564,-0.2615249938271965,-0.5069761270399522,0.21869995047516422,Low
-1.0172426498607163,1.0165738831452678,0.0,1.0165738831452678,0.6349303358363921,0.018133923944703395,-1.3333557291859088,2.214281119935246,1.97247946533229,0.585309646010201,Medium
-1.0172426498607163,1.0165738831452678,0.0,1.0165738831452678,-1.574975936033522,0.018133923944703395,1.1911680020486564,-0.2615249938271965,-0.5069761270399522,0.21869995047516422,Low
-1.0172426498607163,1.0165738831452678,0.0,1.0165738831452678,-1.574975936033522,0.018133923944703395,1.471670638852497,-0.2615249938271965,-0.5069761270399522,0.3698020088291347,Medium
0.9830496196132974,-0.983696331943933,0.0,-0.983696331943933,0.6349303358363921,0.018133923944703395,-0.912601773980148,-1.0867936984146773,-0.5069761270399522,0.08860458745589206,Low
-1.0172426498607163,1.0165738831452678,0.0,1.0165738831452678,0.6349303358363921,0.018133923944703395,0.6301627284409752,1.389012415347765,1.97247946533229,0.336331912890648,Medium
-1.0172426498607163,1.0165738831452678,0.0,1.0165738831452678,-1.574975936033522,0.018133923944703395,-0.6320991371763074,0.5637437107602843,-0.5069761270399522,0.2270566047597583,Low
0.9830496196132974,-0.983696331943933,0.0,-0.983696331943933,0.6349303358363921,0.018133923944703395,-0.35159650037246676,-0.2615249938271965,-0.5069761270399522,0.13659059428767417,Low
-1.0172426498607163,1.0165738831452678,0.0,1.0165738831452678,-1.574975936033522,0.018133923944703395,-0.912601773980148,0.5637437107602843,-0.5069761270399522,0.3508154043184627,Medium
-1.0172426498607163,1.0165738831452678,0.0,1.0165738831452678,-1.574975936033522,0.018133923944703395,-0.912601773980148,0.5637437107602843,-0.5069761270399522,0.3508154043184627,Medium
-1.0172426498607163,1.0165738831452678,0.0,1.0165738831452678,0.6349303358363921,0.018133923944703395,-1.3333557291859088,2.214281119935246,1.97247946533229,0.585309646010201,Medium
-1.0172426498607163,1.0165738831452678,0.0,1.0165738831452678,-1.574975936033522,0.018133923944703395,-0.6320991371763074,0.5637437107602843,-0.5069761270399522,0.2270566047597583,Low
-1.0172426498607163,1.0165738831452678,0.0,1.0165738831452678,-1.574975936033522,0.018133923944703395,1.1911680020486564,-0.2615249938271965,-0.5069761270399522,0.21869995047516422,Low
-1.0172426498607163,1.0165738831452678,0.0,1.0165738831452678,0.6349303358363921,0.018133923944703395,0.20940877323521434,1.389012415347765,1.97247946533229,0.5558675566420004,Medium
0.9830496196132974,-0.983696331943933,0.0,-0.983696331943933,0.6349303358363921,0.018133923944703395,1.3314193204505766,-0.2615249938271965,-0.5069761270399522,0.43998883974915237,Medium
0.9830496196132974,-0.983696331943933,0.0,-0.983696331943933,0.6349303358363921,0.018133923944703395,-0.912601773980148,-1.0867936984146773,-0.5069761270399522,0.08860458745589206,Low
0.9830496196132974,-0.983696331943933,0.0,-0.983696331943933,0.6349303358363921,0.018133923944703395,-0.2113451819705465,-0.2615249938271965,-0.5069761270399522,0.2222876005273401,Low
-1.0172426498607163,1.0165738831452678,0.0,1.0165738831452678,-1.574975936033522,0.018133923944703395,1.471670638852497,-0.2615249938271965,-0.5069761270399522,0.3698020088291347,Medium
0.9830496196132974,-0.983696331943933,0.0,-0.983696331943933,0.6349303358363921,0.018133923944703395,-0.49184781877438705,-0.2615249938271965,-0.5069761270399522,0.4902664536629284,Medium
0.9830496196132974,-0.983696331943933,0.0,-0.983696331943933,0.6349303358363921,0.018133923944703395,-0.49184781877438705,-1.0867936984146773,-0.5069761270399522,0.0339083500328321,Low
-1.0172426498607163,1.0165738831452678,0.0,1.0165738831452678,0.6349303358363921,0.018133923944703395,0.7704140468428955,1.389012415347765,1.97247946533229,0.37894460407466224,Medium
0.9830496196132974,-0.983696331943933,0.0,-0.983696331943933,0.6349303358363921,0.018133923944703395,-0.912601773980148,-1.0867936984146773,-0.5069761270399522,0.08860458745589206,Low
-1.0172426498607163,1.0165738831452678,0.0,1.0165738831452678,0.6349303358363921,0.018133923944703395,0.4899114100390549,1.389012415347765,1.97247946533229,0.14692596547518133,Low
0.9830496196132974,-0.983696331943933,0.0,-0.983696331943933,0.6349303358363921,0.018133923944703395,-1.4736070475878291,-1.0867936984146773,-0.5069761270399522,0.44779648741839717,Medium
-1.0172426498607163,1.0165738831452678,0.0,1.0165738831452678,-1.574975936033522,0.018133923944703395,-0.912601773980148,0.5637437107602843,-0.5069761270399522,0.3508154043184627,Medium
-1.0172426498607163,1.0165738831452678,0.0,1.0165738831452678,0.6349303358363921,0.018133923944703395,1.050916683646736,1.389012415347765,1.97247946533229,0.32083684368396415,Low
-1.0172426498607163,1.0165738831452678,0.0,1.0165738831452678,0.6349303358363921,0.018133923944703395,1.471670638852497,1.389012415347765,1.97247946533229,0.3767625192200471,Medium
-1.0172426498607163,1.0165738831452678,0.0,1.0165738831452678,0.6349303358363921,0.018133923944703395,1.050916683646736,1.389012415347765,1.97247946533229,0.32083684368396415,Low
-1.0172426498607163,1.0165738831452678,0.0,1.0165738831452678,0.6349303358363921,0.018133923944703395,0.4899114100390549,1.389012415347765,1.97247946533229,0.14692596547518133,Low
-1.0172426498607163,1.0165738831452678,0.0,1.0165738831452678,-1.574975936033522,0.018133923944703395,-0.7723504555782277,0.5637437107602843,-0.5069761270399522,0.22177483732159198,Low
0.9830496196132974,-0.983696331943933,0.0,-0.983696331943933,0.6349303358363921,0.018133923944703395,-0.35159650037246676,-0.2615249938271965,-0.5069761270399522,0.13659059428767417,Low
0.9830496196132974,-0.983696331943933,0.0,-0.983696331943933,0.6349303358363921,0.018133923944703395,-0.49184781877438705,-0.2615249938271965,-0.5069761270399522,0.4902664536629284,Medium
-1.0172426498607163,1.0165738831452678,0.0,1.0165738831452678,-1.574975936033522,0.018133923944703395,-0.912601773980148,0.5637437107602843,-0.5069761270399522,0.3508154043184627,Medium
-1.0172426498607163,1.0165738831452678,0.0,1.0165738831452678,-1.574975936033522,0.018133923944703395,-0.6320991371763074,0.5637437107602843,-0.5069761270399522,0.2270566047597583,Low
-1.0172426498607163,1.0165738831452678,0.0,1.0165738831452678,-1.574975936033522,0.018133923944703395,-0.7723504555782277,0.5637437107602843,-0.5069761270399522,0.22177483732159198,Low
-1.0172426498607163,1.0165738831452678,0.0,1.0165738831452678,-1.574975936033522,0.018133923944703395,1.471670638852497,-0.2615249938271965,-0.5069761270399522,0.3698020088291347,Medium
-1.0172426498607163,1.0165738831452678,0.0,1.0165738831452678,0.6349303358363921,0.018133923944703395,1.6119219572544172,1.389012415347765,1.97247946533229,0.6316939831625069,Medium
-1.0172426498607163,1.0165738831452678,0.0,1.0165738831452678,-1.574975936033522,0.018133923944703395,-0.912601773980148,0.5637437107602843,-0.5069761270399522,0.3508154043184627,Medium
-1.0172426498607163,1.0165738831452678,0.0,1.0165738831452678,0.6349303358363921,0.018133923944703395,1.1911680020486564,1.389012415347765,1.97247946533229,0.5353644319673063,Medium
-1.0172426498607163,1.0165738831452678,0.0,1.0165738831452678,-1.574975936033522,0.018133923944703395,1.471670638852497,-0.2615249938271965,-0.5069761270399522,0.3698020088291347,Medium
-1.0172426498607163,1.0165738831452678,0.0,1.0165738831452678,-1.574975936033522,0.018133923944703395,1.1911680020486564,-0.2615249938271965,-0.5069761270399522,0.21869995047516422,Low
-1.0172426498607163,1.0165738831452678,0.0,1.0165738831452678,0.6349303358363921,0.018133923944703395,-1.3333557291859088,2.214281119935246,1.97247946533229,0.585309646010201,Medium
-1.0172426498607163,1.0165738831452678,0.0,1.0165738831452678,0.6349303358363921,0.018133923944703395,0.4899114100390549,1.389012415347765,1.97247946533229,0.14692596547518133,Low
-1.0172426498607163,1.0165738831452678,0.0,1.0165738831452678,0.6349303358363921,0.018133923944703395,1.6119219572544172,1.389012415347765,1.97247946533229,0.6316939831625069,Medium
0.9830496196132974,-0.983696331943933,0.0,-0.983696331943933,0.6349303358363921,0.018133923944703395,1.471670638852497,-0.2615249938271965,-0.5069761270399522,0.06959503168766479,Low
-1.0172426498607163,1.0165738831452678,0.0,1.0165738831452678,-1.574975936033522,0.018133923944703395,-0.7723504555782277,0.5637437107602843,-0.5069761270399522,0.22177483732159198,Low
0.9830496196132974,-0.983696331943933,0.0,-0.983696331943933,0.6349303358363921,0.018133923944703395,-0.2113451819705465,-0.2615249938271965,-0.5069761270399522,0.2222876005273401,Low
-1.0172426498607163,1.0165738831452678,0.0,1.0165738831452678,0.6349303358363921,0.018133923944703395,0.7704140468428955,1.389012415347765,1.97247946533229,0.37894460407466224,Medium
-1.0172426498607163,1.0165738831452678,0.0,1.0165738831452678,-1.574975936033522,0.018133923944703395,-0.49184781877438705,0.5637437107602843,-0.5069761270399522,0.5106529753953506,Medium
0.9830496196132974,-0.983696331943933,0.0,-0.983696331943933,0.6349303358363921,0.018133923944703395,-0.49184781877438705,-1.0867936984146773,-0.5069761270399522,0.0339083500328321,Low
0.9830496196132974,-0.983696331943933,0.0,-0.983696331943933,0.6349303358363921,0.018133923944703395,-1.6138583659897494,-1.0867936984146773,-0.5069761270399522,0.28207680097326815,Low
-1.0172426498607163,1.0165738831452678,0.0,1.0165738831452678,-1.574975936033522,0.018133923944703395,-0.6320991371763074,0.5637437107602843,-0.5069761270399522,0.2270566047597583,Low
0.9830496196132974,-0.983696331943933,0.0,-0.983696331943933,0.6349303358363921,0.018133923944703395,-0.49184781877438705,-1.0867936984146773,-0.5069761270399522,0.0339083500328321,Low
-1.0172426498607163,1.0165738831452678,0.0,1.0165738831452678,-1.574975936033522,0.018133923944703395,-0.912601773980148,0.5637437107602843,-0.5069761270399522,0.3508154043184627,Medium
-1.0172426498607163,1.0165738831452678,0.0,1.0165738831452678,-1.574975936033522,0.018133923944703395,-0.912601773980148,0.5637437107602843,-0.5069761270399522,0.3508154043184627,Medium
-1.0172426498607163,1.0165738831452678,0.0,1.0165738831452678,-1.574975936033522,0.018133923944703395,1.471670638852497,-0.2615249938271965,-0.5069761270399522,0.3698020088291347,Medium
0.9830496196132974,-0.983696331943933,0.0,-0.983696331943933,0.6349303358363921,0.018133923944703395,-0.912601773980148,-1.0867936984146773,-0.5069761270399522,0.08860458745589206,Low
-1.0172426498607163,1.0165738831452678,0.0,1.0165738831452678,-1.574975936033522,0.018133923944703395,1.050916683646736,-0.2615249938271965,-0.5069761270399522,0.7591112610209242,High
-1.0172426498607163,1.0165738831452678,0.0,1.0165738831452678,-1.574975936033522,0.018133923944703395,-0.912601773980148,0.5637437107602843,-0.5069761270399522,0.3508154043184627,Medium
0.9830496196132974,-0.983696331943933,0.0,-0.983696331943933,0.6349303358363921,0.018133923944703395,1.3314193204505766,-1.0867936984146773,-0.5069761270399522,0.7075124352982778,High
0.9830496196132974,-0.983696331943933,0.0,-0.983696331943933,0.6349303358363921,0.018133923944703395,-0.49184781877438705,-1.0867936984146773,-0.5069761270399522,0.0339083500328321,Low
0.9830496196132974,-0.983696331943933,0.0,-0.983696331943933,0.6349303358363921,0.018133923944703395,-0.7723504555782277,-1.0867936984146773,-0.5069761270399522,0.0,Low
-1.0172426498607163,1.0165738831452678,0.0,1.0165738831452678,0.6349303358363921,0.018133923944703395,0.20940877323521434,1.389012415347765,1.97247946533229,0.5558675566420004,Medium
0.9830496196132974,-0.983696331943933,0.0,-0.983696331943933,0.6349303358363921,0.018133923944703395,-0.6320991371763074,-1.0867936984146773,-0.5069761270399522,0.013368133429590978,Low
-1.0172426498607163,1.0165738831452678,0.0,1.0165738831452678,-1.574975936033522,0.018133923944703395,-0.49184781877438705,0.5637437107602843,-0.5069761270399522,0.5106529753953506,Medium
-1.0172426498607163,1.0165738831452678,0.0,1.0165738831452678,-1.574975936033522,0.018133923944703395,1.1911680020486564,-0.2615249938271965,-0.5069761270399522,0.21869995047516422,Low
0.9830496196132974,-0.983696331943933,0.0,-0.983696331943933,0.6349303358363921,0.018133923944703395,0.4899114100390549,-1.0867936984146773,-0.5069761270399522,0.3459144990257945,Medium
-1.0172426498607163,1.0165738831452678,0.0,1.0165738831452678,0.6349303358363921,0.018133923944703395,0.6301627284409752,1.389012415347765,1.97247946533229,0.336331912890648,Medium
-1.0172426498607163,1.0165738831452678,0.0,1.0165738831452678,-1.574975936033522,0.018133923944703395,-0.6320991371763074,0.5637437107602843,-0.5069761270399522,0.2270566047597583,Low
0.9830496196132974,-0.983696331943933,0.0,-0.983696331943933,0.6349303358363921,0.018133923944703395,-0.912601773980148,-1.0867936984146773,-0.5069761270399522,0.08860458745589206,Low
0.9830496196132974,-0.983696331943933,0.0,-0.983696331943933,0.6349303358363921,0.018133923944703395,-0.6320991371763074,-1.0867936984146773,-0.5069761270399522,0.013368133429590978,Low
-1.0172426498607163,1.0165738831452678,0.0,1.0165738831452678,0.6349303358363921,0.018133923944703395,0.9106653652448158,1.389012415347765,1.97247946533229,0.4975851472477606,Medium
0.9830496196132974,-0.983696331943933,0.0,-0.983696331943933,0.6349303358363921,0.018133923944703395,-1.6138583659897494,-1.0867936984146773,-0.5069761270399522,0.28207680097326815,Low
-1.0172426498607163,1.0165738831452678,0.0,1.0165738831452678,-1.574975936033522,0.018133923944703395,-0.7723504555782277,0.5637437107602843,-0.5069761270399522,0.22177483732159198,Low
-1.0172426498607163,1.0165738831452678,0.0,1.0165738831452678,-1.574975936033522,0.018133923944703395,1.1911680020486564,-0.2615249938271965,-0.5069761270399522,0.21869995047516422,Low
-1.0172426498607163,1.0165738831452678,0.0,1.0165738831452678,-1.574975936033522,0.018133923944703395,1.1911680020486564,-0.2615249938271965,-0.5069761270399522,0.21869995047516422,Low
-1.0172426498607163,1.0165738831452678,0.0,1.0165738831452678,-1.574975936033522,0.018133923944703395,-0.7723504555782277,0.5637437107602843,-0.5069761270399522,0.22177483732159198,Low
-1.0172426498607163,1.0165738831452678,0.0,1.0165738831452678,-1.574975936033522,0.018133923944703395,-0.912601773980148,0.5637437107602843,-0.5069761270399522,0.3508154043184627,Medium
-1.0172426498607163,1.0165738831452678,0.0,1.0165738831452678,0.6349303358363921,0.018133923944703395,0.4899114100390549,1.389012415347765,1.97247946533229,0.14692596547518133,Low
-1.0172426498607163,1.0165738831452678,0.0,1.0165738831452678,-1.574975936033522,0.018133923944703395,-0.7723504555782277,0.5637437107602843,-0.5069761270399522,0.22177483732159198,Low
0.9830496196132974,-0.983696331943933,0.0,-0.983696331943933,0.6349303358363921,0.018133923944703395,-0.912601773980148,-1.0867936984146773,-0.5069761270399522,0.08860458745589206,Low
0.9830496196132974,-0.983696331943933,0.0,-0.983696331943933,0.6349303358363921,0.018133923944703395,-0.49184781877438705,-1.0867936984146773,-0.5069761270399522,0.0339083500328321,Low
0.9830496196132974,-0.983696331943933,0.0,-0.983696331943933,0.6349303358363921,0.018133923944703395,-0.49184781877438705,-1.0867936984146773,-0.5069761270399522,0.0339083500328321,Low
-1.0172426498607163,1.0165738831452678,0.0,1.0165738831452678,-1.574975936033522,0.018133923944703395,-0.6320991371763074,0.5637437107602843,-0.5069761270399522,0.2270566047597583,Low
0.9830496196132974,-0.983696331943933,0.0,-0.983696331943933,0.6349303358363921,0.018133923944703395,-0.49184781877438705,-1.0867936984146773,-0.5069761270399522,0.0339083500328321,Low
-1.0172426498607163,1.0165738831452678,0.0,1.0165738831452678,0.6349303358363921,0.018133923944703395,1.1911680020486564,1.389012415347765,1.97247946533229,0.5353644319673063,Medium
0.9830496196132974,-0.983696331943933,0.0,-0.983696331943933,0.6349303358363921,0.018133923944703395,-0.6320991371763074,-1.0867936984146773,-0.5069761270399522,0.013368133429590978,Low
-1.0172426498607163,1.0165738831452678,0.0,1.0165738831452678,0.6349303358363921,0.018133923944703395,1.471670638852497,1.389012415347765,1.97247946533229,0.3767625192200471,Medium
0.9830496196132974,-0.983696331943933,0.0,-0.983696331943933,0.6349303358363921,0.018133923944703395,-1.6138583659897494,-1.0867936984146773,-0.5069761270399522,0.28207680097326815,Low
-1.0172426498607163,1.0165738831452678,0.0,1.0165738831452678,0.6349303358363921,0.018133923944703395,0.4899114100390549,1.389012415347765,1.97247946533229,0.14692596547518133,Low
0.9830496196132974,-0.983696331943933,0.0,-0.983696331943933,0.6349303358363921,0.018133923944703395,-0.912601773980148,-1.0867936984146773,-0.5069761270399522,0.08860458745589206,Low
-1.0172426498607163,1.0165738831452678,0.0,1.0165738831452678,0.6349303358363921,0.018133923944703395,0.4899114100390549,1.389012415347765,1.97247946533229,0.14692596547518133,Low
0.9830496196132974,-0.983696331943933,0.0,-0.983696331943933,0.6349303358363921,0.018133923944703395,-0.35159650037246676,-0.2615249938271965,-0.5069761270399522,0.13659059428767417,Low
0.9830496196132974,-0.983696331943933,0.0,-0.983696331943933,0.6349303358363921,0.018133923944703395,-0.2113451819705465,-0.2615249938271965,-0.5069761270399522,0.2222876005273401,Low
0.9830496196132974,-0.983696331943933,0.0,-0.983696331943933,0.6349303358363921,0.018133923944703395,1.3314193204505766,-0.2615249938271965,-0.5069761270399522,0.43998883974915237,Medium
-1.0172426498607163,1.0165738831452678,0.0,1.0165738831452678,0.6349303358363921,0.018133923944703395,0.7704140468428955,1.389012415347765,1.97247946533229,0.37894460407466224,Medium
0.9830496196132974,-0.983696331943933,0.0,-0.983696331943933,0.6349303358363921,0.018133923944703395,1.471670638852497,-0.2615249938271965,-0.5069761270399522,0.06959503168766479,Low
0.9830496196132974,-0.983696331943933,0.0,-0.983696331943933,0.6349303358363921,0.018133923944703395,-0.35159650037246676,-0.2615249938271965,-0.5069761270399522,0.13659059428767417,Low
0.9830496196132974,-0.983696331943933,0.0,-0.983696331943933,0.6349303358363921,0.018133923944703395,-1.6138583659897494,-1.0867936984146773,-0.5069761270399522,0.28207680097326815,Low
-1.0172426498607163,1.0165738831452678,0.0,1.0165738831452678,-1.574975936033522,0.018133923944703395,1.471670638852497,-0.2615249938271965,-0.5069761270399522,0.3698020088291347,Medium
-1.0172426498607163,1.0165738831452678,0.0,1.0165738831452678,0.6349303358363921,0.018133923944703395,-1.3333557291859088,2.214281119935246,1.97247946533229,0.585309646010201,Medium
0.9830496196132974,-0.983696331943933,0.0,-0.983696331943933,0.6349303358363921,0.018133923944703395,-0.6320991371763074,-1.0867936984146773,-0.5069761270399522,0.013368133429590978,Low
-1.0172426498607163,1.0165738831452678,0.0,1.0165738831452678,-1.574975936033522,0.018133923944703395,1.1911680020486564,-0.2615249938271965,-0.5069761270399522,0.21869995047516422,Low
0.9830496196132974,-0.983696331943933,0.0,-0.983696331943933,0.6349303358363921,0.018133923944703395,-0.912601773980148,-1.0867936984146773,-0.5069761270399522,0.08860458745589206,Low
-1.0172426498607163,1.0165738831452678,0.0,1.0165738831452678,0.6349303358363921,0.018133923944703395,0.4899114100390549,1.389012415347765,1.97247946533229,0.14692596547518133,Low
0.9830496196132974,-0.983696331943933,0.0,-0.983696331943933,0.6349303358363921,0.018133923944703395,1.471670638852497,-0.2615249938271965,-0.5069761270399522,0.06959503168766479,Low
0.9830496196132974,-0.983696331943933,0.0,-0.983696331943933,0.6349303358363921,0.018133923944703395,-1.6138583659897494,-1.0867936984146773,-0.5069761270399522,0.28207680097326815,Low
0.9830496196132974,-0.983696331943933,0.0,-0.983696331943933,0.6349303358363921,0.018133923944703395,-0.6320991371763074,-1.0867936984146773,-0.5069761270399522,0.013368133429590978,Low
-1.0172426498607163,1.0165738831452678,0.0,1.0165738831452678,0.6349303358363921,0.018133923944703395,1.6119219572544172,1.389012415347765,1.97247946533229,0.6316939831625069,Medium
0.9830496196132974,-0.983696331943933,0.0,-0.983696331943933,0.6349303358363921,0.018133923944703395,-0.07109386356862622,-0.2615249938271965,-0.5069761270399522,0.5419933729081817,Medium
-1.0172426498607163,1.0165738831452678,0.0,1.0165738831452678,0.6349303358363921,0.018133923944703395,1.050916683646736,1.389012415347765,1.97247946533229,0.32083684368396415,Low
-1.0172426498607163,1.0165738831452678,0.0,1.0165738831452678,-1.574975936033522,0.018133923944703395,-0.912601773980148,0.5637437107602843,-0.5069761270399522,0.3508154043184627,Medium
-1.0172426498607163,1.0165738831452678,0.0,1.0165738831452678,0.6349303358363921,0.018133923944703395,-1.3333557291859088,2.214281119935246,1.97247946533229,0.585309646010201,Medium
0.9830496196132974,-0.983696331943933,0.0,-0.983696331943933,0.6349303358363921,0.018133923944703395,-0.35159650037246676,-0.2615249938271965,-0.5069761270399522,0.13659059428767417,Low
-1.0172426498607163,1.0165738831452678,0.0,1.0165738831452678,-1.574975936033522,0.018133923944703395,-0.912601773980148,0.5637437107602843,-0.5069761270399522,0.3508154043184627,Medium
-1.0172426498607163,1.0165738831452678,0.0,1.0165738831452678,-1.574975936033522,0.018133923944703395,-0.7723504555782277,0.5637437107602843,-0.5069761270399522,0.22177483732159198,Low
0.9830496196132974,-0.983696331943933,0.0,-0.983696331943933,0.6349303358363921,0.018133923944703395,-0.7723504555782277,-1.0867936984146773,-0.5069761270399522,0.0,Low
-1.0172426498607163,1.0165738831452678,0.0,1.0165738831452678,0.6349303358363921,0.018133923944703395,1.471670638852497,1.389012415347765,1.97247946533229,0.3767625192200471,Medium
-1.0172426498607163,1.0165738831452678,0.0,1.0165738831452678,-1.574975936033522,0.018133923944703395,-0.912601773980148,0.5637437107602843,-0.5069761270399522,0.3508154043184627,Medium
-1.0172426498607163,1.0165738831452678,0.0,1.0165738831452678,-1.574975936033522,0.018133923944703395,1.1911680020486564,-0.2615249938271965,-0.5069761270399522,0.21869995047516422,Low
0.9830496196132974,-0.983696331943933,0.0,-0.983696331943933,0.6349303358363921,0.018133923944703395,-0.7723504555782277,-1.0867936984146773,-0.5069761270399522,0.0,Low
-1.0172426498607163,1.0165738831452678,0.0,1.0165738831452678,0.6349303358363921,0.018133923944703395,0.4899114100390549,1.389012415347765,1.97247946533229,0.14692596547518133,Low
-1.0172426498607163,1.0165738831452678,0.0,1.0165738831452678,-1.574975936033522,0.018133923944703395,-0.6320991371763074,0.5637437107602843,-0.5069761270399522,0.2270566047597583,Low
0.9830496196132974,-0.983696331943933,0.0,-0.983696331943933,0.6349303358363921,0.018133923944703395,-0.912601773980148,-1.0867936984146773,-0.5069761270399522,0.08860458745589206,Low
0.9830496196132974,-0.983696331943933,0.0,-0.983696331943933,0.6349303358363921,0.018133923944703395,-1.6138583659897494,-1.0867936984146773,-0.5069761270399522,0.28207680097326815,Low
-1.0172426498607163,1.0165738831452678,0.0,1.0165738831452678,0.6349303358363921,0.018133923944703395,0.34966009163713463,1.389012415347765,1.97247946533229,0.5265052535222334,Medium
-1.0172426498607163,1.0165738831452678,0.0,1.0165738831452678,0.6349303358363921,0.018133923944703395,-1.3333557291859088,2.214281119935246,1.97247946533229,0.585309646010201,Medium
-1.0172426498607163,1.0165738831452678,0.0,1.0165738831452678,-1.574975936033522,0.018133923944703395,-0.912601773980148,0.5637437107602843,-0.5069761270399522,0.3508154043184627,Medium
0.9830496196132974,-0.983696331943933,0.0,-0.983696331943933,0.6349303358363921,0.018133923944703395,1.471670638852497,-0.2615249938271965,-0.5069761270399522,0.06959503168766479,Low
0.9830496196132974,-0.983696331943933,0.0,-0.983696331943933,0.6349303358363921,0.018133923944703395,-0.2113451819705465,-0.2615249938271965,-0.5069761270399522,0.2222876005273401,Low
0.9830496196132974,-0.983696331943933,0.0,-0.983696331943933,0.6349303358363921,0.018133923944703395,-1.6138583659897494,-1.0867936984146773,-0.5069761270399522,0.28207680097326815,Low
0.9830496196132974,-0.983696331943933,0.0,-0.983696331943933,0.6349303358363921,0.018133923944703395,-1.6138583659897494,-1.0867936984146773,-0.5069761270399522,0.28207680097326815,Low
0.9830496196132974,-0.983696331943933,0.0,-0.983696331943933,0.6349303358363921,0.018133923944703395,-0.49184781877438705,-1.0867936984146773,-0.5069761270399522,0.0339083500328321,Low
0.9830496196132974,-0.983696331943933,0.0,-0.983696331943933,0.6349303358363921,0.018133923944703395,-0.49184781877438705,-1.0867936984146773,-0.5069761270399522,0.0339083500328321,Low
0.9830496196132974,-0.983696331943933,0.0,-0.983696331943933,0.6349303358363921,0.018133923944703395,1.471670638852497,-0.2615249938271965,-0.5069761270399522,0.06959503168766479,Low
0.9830496196132974,-0.983696331943933,0.0,-0.983696331943933,0.6349303358363921,0.018133923944703395,-0.07109386356862622,-0.2615249938271965,-0.5069761270399522,0.5419933729081817,Medium
0.9830496196132974,-0.983696331943933,0.0,-0.983696331943933,0.6349303358363921,0.018133923944703395,1.6119219572544172,-0.2615249938271965,-0.5069761270399522,0.5385080283194328,Medium
0.9830496196132974,-0.983696331943933,0.0,-0.983696331943933,0.6349303358363921,0.018133923944703395,-1.6138583659897494,-1.0867936984146773,-0.5069761270399522,0.28207680097326815,Low
-1.0172426498607163,1.0165738831452678,0.0,1.0165738831452678,0.6349303358363921,0.018133923944703395,1.050916683646736,1.389012415347765,1.97247946533229,0.32083684368396415,Low
0.9830496196132974,-0.983696331943933,0.0,-0.983696331943933,0.6349303358363921,0.018133923944703395,-1.6138583659897494,-1.0867936984146773,-0.5069761270399522,0.28207680097326815,Low
0.9830496196132974,-0.983696331943933,0.0,-0.983696331943933,0.6349303358363921,0.018133923944703395,1.471670638852497,-0.2615249938271965,-0.5069761270399522,0.06959503168766479,Low
-1.0172426498607163,1.0165738831452678,0.0,1.0165738831452678,0.6349303358363921,0.018133923944703395,0.4899114100390549,1.389012415347765,1.97247946533229,0.14692596547518133,Low
-1.0172426498607163,1.0165738831452678,0.0,1.0165738831452678,-1.574975936033522,0.018133923944703395,-0.912601773980148,0.5637437107602843,-0.5069761270399522,0.3508154043184627,Medium
0.9830496196132974,-0.983696331943933,0.0,-0.983696331943933,0.6349303358363921,0.018133923944703395,1.471670638852497,-0.2615249938271965,-0.5069761270399522,0.06959503168766479,Low
-1.0172426498607163,1.0165738831452678,0.0,1.0165738831452678,0.6349303358363921,0.018133923944703395,0.4899114100390549,1.389012415347765,1.97247946533229,0.14692596547518133,Low
0.9830496196132974,-0.983696331943933,0.0,-0.983696331943933,0.6349303358363921,0.018133923944703395,-0.49184781877438705,-1.0867936984146773,-0.5069761270399522,0.0339083500328321,Low
0.9830496196132974,-0.983696331943933,0.0,-0.983696331943933,0.6349303358363921,0.018133923944703395,-0.2113451819705465,-0.2615249938271965,-0.5069761270399522,0.2222876005273401,Low
0.9830496196132974,-0.983696331943933,0.0,-0.983696331943933,0.6349303358363921,0.018133923944703395,-0.7723504555782277,-1.0867936984146773,-0.5069761270399522,0.0,Low
0.9830496196132974,-0.983696331943933,0.0,-0.983696331943933,0.6349303358363921,0.018133923944703395,-0.912601773980148,-1.0867936984146773,-0.5069761270399522,0.08860458745589206,Low
0.9830496196132974,-0.983696331943933,0.0,-0.983696331943933,0.6349303358363921,0.018133923944703395,1.471670638852497,-0.2615249938271965,-0.5069761270399522,0.06959503168766479,Low
-1.0172426498607163,1.0165738831452678,0.0,1.0165738831452678,0.6349303358363921,0.018133923944703395,-1.3333557291859088,2.214281119935246,1.97247946533229,0.585309646010201,Medium
0.9830496196132974,-0.983696331943933,0.0,-0.983696331943933,0.6349303358363921,0.018133923944703395,1.6119219572544172,-0.2615249938271965,-0.5069761270399522,0.5385080283194328,Medium
0.9830496196132974,-0.983696331943933,0.0,-0.983696331943933,0.6349303358363921,0.018133923944703395,-0.7723504555782277,-1.0867936984146773,-0.5069761270399522,0.0,Low
0.9830496196132974,-0.983696331943933,0.0,-0.983696331943933,0.6349303358363921,0.018133923944703395,1.471670638852497,-0.2615249938271965,-0.5069761270399522,0.06959503168766479,Low
-1.0172426498607163,1.0165738831452678,0.0,1.0165738831452678,0.6349303358363921,0.018133923944703395,-1.3333557291859088,2.214281119935246,1.97247946533229,0.585309646010201,Medium
-1.0172426498607163,1.0165738831452678,0.0,1.0165738831452678,0.6349303358363921,0.018133923944703395,0.20940877323521434,1.389012415347765,1.97247946533229,0.5558675566420004,Medium
-1.0172426498607163,1.0165738831452678,0.0,1.0165738831452678,-1.574975936033522,0.018133923944703395,1.471670638852497,-0.2615249938271965,-0.5069761270399522,0.3698020088291347,Medium
0.9830496196132974,-0.983696331943933,0.0,-0.983696331943933,0.6349303358363921,0.018133923944703395,-0.912601773980148,-1.0867936984146773,-0.5069761270399522,0.08860458745589206,Low
-1.0172426498607163,1.0165738831452678,0.0,1.0165738831452678,0.6349303358363921,0.018133923944703395,-1.3333557291859088,2.214281119935246,1.97247946533229,0.585309646010201,Medium
0.9830496196132974,-0.983696331943933,0.0,-0.983696331943933,0.6349303358363921,0.018133923944703395,0.4899114100390549,-1.0867936984146773,-0.5069761270399522,0.3459144990257945,Medium
-1.0172426498607163,1.0165738831452678,0.0,1.0165738831452678,0.6349303358363921,0.018133923944703395,1.1911680020486564,1.389012415347765,1.97247946533229,0.5353644319673063,Medium
0.9830496196132974,-0.983696331943933,0.0,-0.983696331943933,0.6349303358363921,0.018133923944703395,-0.7723504555782277,-1.0867936984146773,-0.5069761270399522,0.0,Low
0.9830496196132974,-0.983696331943933,0.0,-0.983696331943933,0.6349303358363921,0.018133923944703395,-0.49184781877438705,-1.0867936984146773,-0.5069761270399522,0.0339083500328321,Low
-1.0172426498607163,1.0165738831452678,0.0,1.0165738831452678,-1.574975936033522,0.018133923944703395,-0.6320991371763074,0.5637437107602843,-0.5069761270399522,0.2270566047597583,Low
0.9830496196132974,-0.983696331943933,0.0,-0.983696331943933,0.6349303358363921,0.018133923944703395,-0.49184781877438705,-1.0867936984146773,-0.5069761270399522,0.0339083500328321,Low
0.9830496196132974,-0.983696331943933,0.0,-0.983696331943933,0.6349303358363921,0.018133923944703395,1.471670638852497,-0.2615249938271965,-0.5069761270399522,0.06959503168766479,Low
0.9830496196132974,-0.983696331943933,0.0,-0.983696331943933,0.6349303358363921,0.018133923944703395,-0.7723504555782277,-1.0867936984146773,-0.5069761270399522,0.0,Low
-1.0172426498607163,1.0165738831452678,0.0,1.0165738831452678,-1.574975936033522,0.018133923944703395,-0.49184781877438705,0.5637437107602843,-0.5069761270399522,0.5106529753953506,Medium
-1.0172426498607163,1.0165738831452678,0.0,1.0165738831452678,-1.574975936033522,0.018133923944703395,-0.49184781877438705,0.5637437107602843,-0.5069761270399522,0.5106529753953506,Medium
0.9830496196132974,-0.983696331943933,0.0,-0.983696331943933,0.6349303358363921,0.018133923944703395,-0.912601773980148,-1.0867936984146773,-0.5069761270399522,0.08860458745589206,Low
0.9830496196132974,-0.983696331943933,0.0,-0.983696331943933,0.6349303358363921,0.018133923944703395,1.3314193204505766,-0.2615249938271965,-0.5069761270399522,0.43998883974915237,Medium
0.9830496196132974,-0.983696331943933,0.0,-0.983696331943933,0.6349303358363921,0.018133923944703395,0.4899114100390549,-1.0867936984146773,-0.5069761270399522,0.3459144990257945,Medium
0.9830496196132974,-0.983696331943933,0.0,-0.983696331943933,0.6349303358363921,0.018133923944703395,-0.912601773980148,-1.0867936984146773,-0.5069761270399522,0.08860458745589206,Low
0.9830496196132974,-0.983696331943933,0.0,-0.983696331943933,0.6349303358363921,0.018133923944703395,-1.6138583659897494,-1.0867936984146773,-0.5069761270399522,0.28207680097326815,Low
0.9830496196132974,-0.983696331943933,0.0,-0.983696331943933,0.6349303358363921,0.018133923944703395,1.6119219572544172,-0.2615249938271965,-0.5069761270399522,0.5385080283194328,Medium
0.9830496196132974,-0.983696331943933,0.0,-0.983696331943933,0.6349303358363921,0.018133923944703395,0.4899114100390549,-1.0867936984146773,-0.5069761270399522,0.3459144990257945,Medium
0.9830496196132974,-0.983696331943933,0.0,-0.983696331943933,0.6349303358363921,0.018133923944703395,-0.7723504555782277,-1.0867936984146773,-0.5069761270399522,0.0,Low
0.9830496196132974,-0.983696331943933,0.0,-0.983696331943933,0.6349303358363921,0.018133923944703395,-1.6138583659897494,-1.0867936984146773,-0.5069761270399522,0.28207680097326815,Low
-1.0172426498607163,1.0165738831452678,0.0,1.0165738831452678,-1.574975936033522,0.018133923944703395,1.1911680020486564,-0.2615249938271965,-0.5069761270399522,0.21869995047516422,Low
0.9830496196132974,-0.983696331943933,0.0,-0.983696331943933,0.6349303358363921,0.018133923944703395,-0.2113451819705465,-0.2615249938271965,-0.5069761270399522,0.2222876005273401,Low
0.9830496196132974,-0.983696331943933,0.0,-0.983696331943933,0.6349303358363921,0.018133923944703395,-0.7723504555782277,-1.0867936984146773,-0.5069761270399522,0.0,Low
0.9830496196132974,-0.983696331943933,0.0,-0.983696331943933,0.6349303358363921,0.018133923944703395,-1.6138583659897494,-1.0867936984146773,-0.5069761270399522,0.28207680097326815,Low
0.9830496196132974,-0.983696331943933,0.0,-0.983696331943933,0.6349303358363921,0.018133923944703395,-0.07109386356862622,-0.2615249938271965,-0.5069761270399522,0.5419933729081817,Medium
-1.0172426498607163,1.0165738831452678,0.0,1.0165738831452678,-1.574975936033522,0.018133923944703395,1.1911680020486564,-0.2615249938271965,-0.5069761270399522,0.21869995047516422,Low
-1.0172426498607163,1.0165738831452678,0.0,1.0165738831452678,0.6349303358363921,0.018133923944703395,-1.3333557291859088,2.214281119935246,1.97247946533229,0.585309646010201,Medium
-1.0172426498607163,1.0165738831452678,0.0,1.0165738831452678,-1.574975936033522,0.018133923944703395,-0.49184781877438705,0.5637437107602843,-0.5069761270399522,0.5106529753953506,Medium
0.9830496196132974,-0.983696331943933,0.0,-0.983696331943933,0.6349303358363921,0.018133923944703395,-0.912601773980148,-1.0867936984146773,-0.5069761270399522,0.08860458745589206,Low
0.9830496196132974,-0.983696331943933,0.0,-0.983696331943933,0.6349303358363921,0.018133923944703395,-0.2113451819705465,-0.2615249938271965,-0.5069761270399522,0.2222876005273401,Low
-1.0172426498607163,1.0165738831452678,0.0,1.0165738831452678,0.6349303358363921,0.018133923944703395,-1.3333557291859088,2.214281119935246,1.97247946533229,0.585309646010201,Medium
-1.0172426498607163,1.0165738831452678,0.0,1.0165738831452678,0.6349303358363921,0.018133923944703395,1.050916683646736,1.389012415347765,1.97247946533229,0.32083684368396415,Low
0.9830496196132974,-0.983696331943933,0.0,-0.983696331943933,0.6349303358363921,0.018133923944703395,-1.6138583659897494,-1.0867936984146773,-0.5069761270399522,0.28207680097326815,Low
-1.0172426498607163,1.0165738831452678,0.0,1.0165738831452678,0.6349303358363921,0.018133923944703395,0.6301627284409752,1.389012415347765,1.97247946533229,0.336331912890648,Medium
-1.0172426498607163,1.0165738831452678,0.0,1.0165738831452678,-1.574975936033522,0.018133923944703395,-0.49184781877438705,0.5637437107602843,-0.5069761270399522,0.5106529753953506,Medium
-1.0172426498607163,1.0165738831452678,0.0,1.0165738831452678,0.6349303358363921,0.018133923944703395,0.4899114100390549,1.389012415347765,1.97247946533229,0.14692596547518133,Low
0.9830496196132974,-0.983696331943933,0.0,-0.983696331943933,0.6349303358363921,0.018133923944703395,-0.6320991371763074,-1.0867936984146773,-0.5069761270399522,0.013368133429590978,Low
0.9830496196132974,-0.983696331943933,0.0,-0.983696331943933,0.6349303358363921,0.018133923944703395,-0.6320991371763074,-1.0867936984146773,-0.5069761270399522,0.013368133429590978,Low
0.9830496196132974,-0.983696331943933,0.0,-0.983696331943933,0.6349303358363921,0.018133923944703395,-0.35159650037246676,-0.2615249938271965,-0.5069761270399522,0.13659059428767417,Low
-1.0172426498607163,1.0165738831452678,0.0,1.0165738831452678,0.6349303358363921,0.018133923944703395,0.4899114100390549,1.389012415347765,1.97247946533229,0.14692596547518133,Low
0.9830496196132974,-0.983696331943933,0.0,-0.983696331943933,0.6349303358363921,0.018133923944703395,-0.6320991371763074,-1.0867936984146773,-0.5069761270399522,0.013368133429590978,Low
0.9830496196132974,-0.983696331943933,0.0,-0.983696331943933,0.6349303358363921,0.018133923944703395,-0.35159650037246676,-0.2615249938271965,-0.5069761270399522,0.13659059428767417,Low
0.9830496196132974,-0.983696331943933,0.0,-0.983696331943933,0.6349303358363921,0.018133923944703395,-1.6138583659897494,-1.0867936984146773,-0.5069761270399522,0.28207680097326815,Low
0.9830496196132974,-0.983696331943933,0.0,-0.983696331943933,0.6349303358363921,0.018133923944703395,-0.7723504555782277,-1.0867936984146773,-0.5069761270399522,0.0,Low
0.9830496196132974,-0.983696331943933,0.0,-0.983696331943933,0.6349303358363921,0.018133923944703395,-0.912601773980148,-1.0867936984146773,-0.5069761270399522,0.08860458745589206,Low
0.9830496196132974,-0.983696331943933,0.0,-0.983696331943933,0.6349303358363921,0.018133923944703395,1.471670638852497,-0.2615249938271965,-0.5069761270399522,0.06959503168766479,Low
-1.0172426498607163,1.0165738831452678,0.0,1.0165738831452678,0.6349303358363921,0.018133923944703395,0.9106653652448158,1.389012415347765,1.97247946533229,0.4975851472477606,Medium
-1.0172426498607163,1.0165738831452678,0.0,1.0165738831452678,0.6349303358363921,0.018133923944703395,-1.3333557291859088,2.214281119935246,1.97247946533229,0.585309646010201,Medium
0.9830496196132974,-0.983696331943933,0.0,-0.983696331943933,0.6349303358363921,0.018133923944703395,-0.7723504555782277,-1.0867936984146773,-0.5069761270399522,0.0,Low
0.9830496196132974,-0.983696331943933,0.0,-0.983696331943933,0.6349303358363921,0.018133923944703395,-1.6138583659897494,-1.0867936984146773,-0.5069761270399522,0.28207680097326815,Low
0.9830496196132974,-0.983696331943933,0.0,-0.983696331943933,0.6349303358363921,0.018133923944703395,0.4899114100390549,-1.0867936984146773,-0.5069761270399522,0.3459144990257945,Medium
-1.0172426498607163,1.0165738831452678,0.0,1.0165738831452678,-1.574975936033522,0.018133923944703395,1.471670638852497,-0.2615249938271965,-0.5069761270399522,0.3698020088291347,Medium
0.9830496196132974,-0.983696331943933,0.0,-0.983696331943933,0.6349303358363921,0.018133923944703395,-1.6138583659897494,-1.0867936984146773,-0.5069761270399522,0.28207680097326815,Low
-1.0172426498607163,1.0165738831452678,0.0,1.0165738831452678,-1.574975936033522,0.018133923944703395,1.1911680020486564,-0.2615249938271965,-0.5069761270399522,0.21869995047516422,Low
-1.0172426498607163,1.0165738831452678,0.0,1.0165738831452678,-1.574975936033522,0.018133923944703395,1.1911680020486564,-0.2615249938271965,-0.5069761270399522,0.21869995047516422,Low
0.9830496196132974,-0.983696331943933,0.0,-0.983696331943933,0.6349303358363921,0.018133923944703395,1.471670638852497,-0.2615249938271965,-0.5069761270399522,0.06959503168766479,Low
-1.0172426498607163,1.0165738831452678,0.0,1.0165738831452678,0.6349303358363921,0.018133923944703395,1.471670638852497,1.389012415347765,1.97247946533229,0.3767625192200471,Medium
-1.0172426498607163,1.0165738831452678,0.0,1.0165738831452678,-1.574975936033522,0.018133923944703395,-0.6320991371763074,0.5637437107602843,-0.5069761270399522,0.2270566047597583,Low
0.9830496196132974,-0.983696331943933,0.0,-0.983696331943933,0.6349303358363921,0.018133923944703395,-0.7723504555782277,-1.0867936984146773,-0.5069761270399522,0.0,Low
-1.0172426498607163,1.0165738831452678,0.0,1.0165738831452678,-1.574975936033522,0.018133923944703395,1.1911680020486564,-0.2615249938271965,-0.5069761270399522,0.21869995047516422,Low
-1.0172426498607163,1.0165738831452678,0.0,1.0165738831452678,-1.574975936033522,0.018133923944703395,-0.6320991371763074,0.5637437107602843,-0.5069761270399522,0.2270566047597583,Low
-1.0172426498607163,1.0165738831452678,0.0,1.0165738831452678,-1.574975936033522,0.018133923944703395,-0.6320991371763074,0.5637437107602843,-0.5069761270399522,0.2270566047597583,Low
0.9830496196132974,-0.983696331943933,0.0,-0.983696331943933,0.6349303358363921,0.018133923944703395,-0.35159650037246676,-0.2615249938271965,-0.5069761270399522,0.13659059428767417,Low
-1.0172426498607163,1.0165738831452678,0.0,1.0165738831452678,-1.574975936033522,0.018133923944703395,-0.7723504555782277,0.5637437107602843,-0.5069761270399522,0.22177483732159198,Low
-1.0172426498607163,1.0165738831452678,0.0,1.0165738831452678,0.6349303358363921,0.018133923944703395,1.471670638852497,1.389012415347765,1.97247946533229,0.3767625192200471,Medium
0.9830496196132974,-0.983696331943933,0.0,-0.983696331943933,0.6349303358363921,0.018133923944703395,-0.49184781877438705,-1.0867936984146773,-0.5069761270399522,0.0339083500328321,Low
-1.0172426498607163,1.0165738831452678,0.0,1.0165738831452678,0.6349303358363921,0.018133923944703395,0.4899114100390549,1.389012415347765,1.97247946533229,0.14692596547518133,Low
-1.0172426498607163,1.0165738831452678,0.0,1.0165738831452678,-1.574975936033522,0.018133923944703395,-0.912601773980148,0.5637437107602843,-0.5069761270399522,0.3508154043184627,Medium
-1.0172426498607163,1.0165738831452678,0.0,1.0165738831452678,-1.574975936033522,0.018133923944703395,1.1911680020486564,-0.2615249938271965,-0.5069761270399522,0.21869995047516422,Low
-1.0172426498607163,1.0165738831452678,0.0,1.0165738831452678,0.6349303358363921,0.018133923944703395,1.050916683646736,1.389012415347765,1.97247946533229,0.32083684368396415,Low
0.9830496196132974,-0.983696331943933,0.0,-0.983696331943933,0.6349303358363921,0.018133923944703395,0.4899114100390549,-1.0867936984146773,-0.5069761270399522,0.3459144990257945,Medium
0.9830496196132974,-0.983696331943933,0.0,-0.983696331943933,0.6349303358363921,0.018133923944703395,1.471670638852497,-0.2615249938271965,-0.5069761270399522,0.06959503168766479,Low
0.9830496196132974,-0.983696331943933,0.0,-0.983696331943933,0.6349303358363921,0.018133923944703395,-1.6138583659897494,-1.0867936984146773,-0.5069761270399522,0.28207680097326815,Low
0.9830496196132974,-0.983696331943933,0.0,-0.983696331943933,0.6349303358363921,0.018133923944703395,1.471670638852497,-0.2615249938271965,-0.5069761270399522,0.06959503168766479,Low
-1.0172426498607163,1.0165738831452678,0.0,1.0165738831452678,0.6349303358363921,0.018133923944703395,0.20940877323521434,1.389012415347765,1.97247946533229,0.5558675566420004,Medium
0.9830496196132974,-0.983696331943933,0.0,-0.983696331943933,0.6349303358363921,0.018133923944703395,-0.35159650037246676,-0.2615249938271965,-0.5069761270399522,0.13659059428767417,Low
-1.0172426498607163,1.0165738831452678,0.0,1.0165738831452678,0.6349303358363921,0.018133923944703395,0.4899114100390549,1.389012415347765,1.97247946533229,0.14692596547518133,Low
0.9830496196132974,-0.983696331943933,0.0,-0.983696331943933,0.6349303358363921,0.018133923944703395,-0.912601773980148,-1.0867936984146773,-0.5069761270399522,0.08860458745589206,Low
-1.0172426498607163,1.0165738831452678,0.0,1.0165738831452678,-1.574975936033522,0.018133923944703395,1.1911680020486564,-0.2615249938271965,-0.5069761270399522,0.21869995047516422,Low
0.9830496196132974,-0.983696331943933,0.0,-0.983696331943933,0.6349303358363921,0.018133923944703395,-0.35159650037246676,-0.2615249938271965,-0.5069761270399522,0.13659059428767417,Low
-1.0172426498607163,1.0165738831452678,0.0,1.0165738831452678,-1.574975936033522,0.018133923944703395,1.1911680020486564,-0.2615249938271965,-0.5069761270399522,0.21869995047516422,Low
0.9830496196132974,-0.983696331943933,0.0,-0.983696331943933,0.6349303358363921,0.018133923944703395,1.6119219572544172,-0.2615249938271965,-0.5069761270399522,0.5385080283194328,Medium
-1.0172426498607163,1.0165738831452678,0.0,1.0165738831452678,-1.574975936033522,0.018133923944703395,1.471670638852497,-0.2615249938271965,-0.5069761270399522,0.3698020088291347,Medium
0.9830496196132974,-0.983696331943933,0.0,-0.983696331943933,0.6349303358363921,0.018133923944703395,1.6119219572544172,-1.912062403002158,-0.5069761270399522,0.9460034357408331,High
-1.0172426498607163,1.0165738831452678,0.0,1.0165738831452678,0.6349303358363921,0.018133923944703395,0.4899114100390549,1.389012415347765,1.97247946533229,0.14692596547518133,Low
-1.0172426498607163,1.0165738831452678,0.0,1.0165738831452678,-1.574975936033522,0.018133923944703395,-0.912601773980148,0.5637437107602843,-0.5069761270399522,0.3508154043184627,Medium
0.9830496196132974,-0.983696331943933,0.0,-0.983696331943933,0.6349303358363921,0.018133923944703395,-1.6138583659897494,-1.0867936984146773,-0.5069761270399522,0.28207680097326815,Low
0.9830496196132974,-0.983696331943933,0.0,-0.983696331943933,0.6349303358363921,0.018133923944703395,-0.35159650037246676,-0.2615249938271965,-0.5069761270399522,0.13659059428767417,Low
0.9830496196132974,-0.983696331943933,0.0,-0.983696331943933,0.6349303358363921,0.018133923944703395,-1.6138583659897494,-1.0867936984146773,-0.5069761270399522,0.28207680097326815,Low
-1.0172426498607163,1.0165738831452678,0.0,1.0165738831452678,-1.574975936033522,0.018133923944703395,-0.6320991371763074,0.5637437107602843,-0.5069761270399522,0.2270566047597583,Low
-1.0172426498607163,1.0165738831452678,0.0,1.0165738831452678,-1.574975936033522,0.018133923944703395,-0.912601773980148,0.5637437107602843,-0.5069761270399522,0.3508154043184627,Medium
0.9830496196132974,-0.983696331943933,0.0,-0.983696331943933,0.6349303358363921,0.018133923944703395,-0.49184781877438705,-0.2615249938271965,-0.5069761270399522,0.4902664536629284,Medium
0.9830496196132974,-0.983696331943933,0.0,-0.983696331943933,0.6349303358363921,0.018133923944703395,-0.7723504555782277,-1.0867936984146773,-0.5069761270399522,0.0,Low
-1.0172426498607163,1.0165738831452678,0.0,1.0165738831452678,0.6349303358363921,0.018133923944703395,1.471670638852497,1.389012415347765,1.97247946533229,0.3767625192200471,Medium
-1.0172426498607163,1.0165738831452678,0.0,1.0165738831452678,-1.574975936033522,0.018133923944703395,1.1911680020486564,-0.2615249938271965,-0.5069761270399522,0.21869995047516422,Low
0.9830496196132974,-0.983696331943933,0.0,-0.983696331943933,0.6349303358363921,0.018133923944703395,1.6119219572544172,-0.2615249938271965,-0.5069761270399522,0.5385080283194328,Medium
-1.0172426498607163,1.0165738831452678,0.0,1.0165738831452678,0.6349303358363921,0.018133923944703395,0.4899114100390549,1.389012415347765,1.97247946533229,0.14692596547518133,Low
-1.0172426498607163,1.0165738831452678,0.0,1.0165738831452678,-1.574975936033522,0.018133923944703395,1.471670638852497,-0.2615249938271965,-0.5069761270399522,0.3698020088291347,Medium
0.9830496196132974,-0.983696331943933,0.0,-0.983696331943933,0.6349303358363921,0.018133923944703395,-0.6320991371763074,-1.0867936984146773,-0.5069761270399522,0.013368133429590978,Low
0.9830496196132974,-0.983696331943933,0.0,-0.983696331943933,0.6349303358363921,0.018133923944703395,-0.912601773980148,-1.0867936984146773,-0.5069761270399522,0.08860458745589206,Low
-1.0172426498607163,1.0165738831452678,0.0,1.0165738831452678,0.6349303358363921,0.018133923944703395,0.20940877323521434,1.389012415347765,1.97247946533229,0.5558675566420004,Medium
0.9830496196132974,-0.983696331943933,0.0,-0.983696331943933,0.6349303358363921,0.018133923944703395,-1.6138583659897494,-1.0867936984146773,-0.5069761270399522,0.28207680097326815,Low
-1.0172426498607163,1.0165738831452678,0.0,1.0165738831452678,-1.574975936033522,0.018133923944703395,-0.49184781877438705,0.5637437107602843,-0.5069761270399522,0.5106529753953506,Medium
0.9830496196132974,-0.983696331943933,0.0,-0.983696331943933,0.6349303358363921,0.018133923944703395,-0.2113451819705465,-0.2615249938271965,-0.5069761270399522,0.2222876005273401,Low
0.9830496196132974,-0.983696331943933,0.0,-0.983696331943933,0.6349303358363921,0.018133923944703395,1.3314193204505766,-0.2615249938271965,-0.5069761270399522,0.43998883974915237,Medium
0.9830496196132974,-0.983696331943933,0.0,-0.983696331943933,0.6349303358363921,0.018133923944703395,-0.912601773980148,-1.0867936984146773,-0.5069761270399522,0.08860458745589206,Low
0.9830496196132974,-0.983696331943933,0.0,-0.983696331943933,0.6349303358363921,0.018133923944703395,-1.6138583659897494,-1.0867936984146773,-0.5069761270399522,0.28207680097326815,Low
-1.0172426498607163,1.0165738831452678,0.0,1.0165738831452678,0.6349303358363921,0.018133923944703395,1.471670638852497,1.389012415347765,1.97247946533229,0.3767625192200471,Medium
0.9830496196132974,-0.983696331943933,0.0,-0.983696331943933,0.6349303358363921,0.018133923944703395,-0.49184781877438705,-0.2615249938271965,-0.5069761270399522,0.4902664536629284,Medium
0.9830496196132974,-0.983696331943933,0.0,-0.983696331943933,0.6349303358363921,0.018133923944703395,-1.6138583659897494,-1.0867936984146773,-0.5069761270399522,0.28207680097326815,Low
-1.0172426498607163,1.0165738831452678,0.0,1.0165738831452678,0.6349303358363921,0.018133923944703395,1.6119219572544172,1.389012415347765,1.97247946533229,0.6316939831625069,Medium
0.9830496196132974,-0.983696331943933,0.0,-0.983696331943933,0.6349303358363921,0.018133923944703395,1.471670638852497,-0.2615249938271965,-0.5069761270399522,0.06959503168766479,Low
0.9830496196132974,-0.983696331943933,0.0,-0.983696331943933,0.6349303358363921,0.018133923944703395,-0.49184781877438705,-1.0867936984146773,-0.5069761270399522,0.0339083500328321,Low
-1.0172426498607163,1.0165738831452678,0.0,1.0165738831452678,0.6349303358363921,0.018133923944703395,0.6301627284409752,1.389012415347765,1.97247946533229,0.336331912890648,Medium
-1.0172426498607163,1.0165738831452678,0.0,1.0165738831452678,-1.574975936033522,0.018133923944703395,1.1911680020486564,-0.2615249938271965,-0.5069761270399522,0.21869995047516422,Low
-1.0172426498607163,1.0165738831452678,0.0,1.0165738831452678,0.6349303358363921,0.018133923944703395,1.471670638852497,1.389012415347765,1.97247946533229,0.3767625192200471,Medium
0.9830496196132974,-0.983696331943933,0.0,-0.983696331943933,0.6349303358363921,0.018133923944703395,-0.912601773980148,-1.0867936984146773,-0.5069761270399522,0.08860458745589206,Low
-1.0172426498607163,1.0165738831452678,0.0,1.0165738831452678,0.6349303358363921,0.018133923944703395,1.050916683646736,1.389012415347765,1.97247946533229,0.32083684368396415,Low
-1.0172426498607163,1.0165738831452678,0.0,1.0165738831452678,-1.574975936033522,0.018133923944703395,-0.7723504555782277,0.5637437107602843,-0.5069761270399522,0.22177483732159198,Low
0.9830496196132974,-0.983696331943933,0.0,-0.983696331943933,0.6349303358363921,0.018133923944703395,1.3314193204505766,-0.2615249938271965,-0.5069761270399522,0.43998883974915237,Medium
0.9830496196132974,-0.983696331943933,0.0,-0.983696331943933,0.6349303358363921,0.018133923944703395,0.4899114100390549,-1.0867936984146773,-0.5069761270399522,0.3459144990257945,Medium
-1.0172426498607163,1.0165738831452678,0.0,1.0165738831452678,-1.574975936033522,0.018133923944703395,-0.7723504555782277,0.5637437107602843,-0.5069761270399522,0.22177483732159198,Low
0.9830496196132974,-0.983696331943933,0.0,-0.983696331943933,0.6349303358363921,0.018133923944703395,-0.49184781877438705,-1.0867936984146773,-0.5069761270399522,0.0339083500328321,Low
0.9830496196132974,-0.983696331943933,0.0,-0.983696331943933,0.6349303358363921,0.018133923944703395,1.6119219572544172,-1.912062403002158,-0.5069761270399522,0.9460034357408331,High
0.9830496196132974,-0.983696331943933,0.0,-0.983696331943933,0.6349303358363921,0.018133923944703395,-0.912601773980148,-1.0867936984146773,-0.5069761270399522,0.08860458745589206,Low
-1.0172426498607163,1.0165738831452678,0.0,1.0165738831452678,-1.574975936033522,0.018133923944703395,1.471670638852497,-0.2615249938271965,-0.5069761270399522,0.3698020088291347,Medium
-1.0172426498607163,1.0165738831452678,0.0,1.0165738831452678,-1.574975936033522,0.018133923944703395,-0.6320991371763074,0.5637437107602843,-0.5069761270399522,0.2270566047597583,Low
0.9830496196132974,-0.983696331943933,0.0,-0.983696331943933,0.6349303358363921,0.018133923944703395,1.6119219572544172,-0.2615249938271965,-0.5069761270399522,0.5385080283194328,Medium
-1.0172426498607163,1.0165738831452678,0.0,1.0165738831452678,0.6349303358363921,0.018133923944703395,1.050916683646736,1.389012415347765,1.97247946533229,0.32083684368396415,Low
0.9830496196132974,-0.983696331943933,0.0,-0.983696331943933,0.6349303358363921,0.018133923944703395,0.4899114100390549,-1.0867936984146773,-0.5069761270399522,0.3459144990257945,Medium
-1.0172426498607163,1.0165738831452678,0.0,1.0165738831452678,0.6349303358363921,0.018133923944703395,0.4899114100390549,1.389012415347765,1.97247946533229,0.14692596547518133,Low
-1.0172426498607163,1.0165738831452678,0.0,1.0165738831452678,-1.574975936033522,0.018133923944703395,-0.7723504555782277,0.5637437107602843,-0.5069761270399522,0.22177483732159198,Low
-1.0172426498607163,1.0165738831452678,0.0,1.0165738831452678,0.6349303358363921,0.018133923944703395,0.4899114100390549,1.389012415347765,1.97247946533229,0.14692596547518133,Low
0.9830496196132974,-0.983696331943933,0.0,-0.983696331943933,0.6349303358363921,0.018133923944703395,1.6119219572544172,-1.912062403002158,-0.5069761270399522,0.9460034357408331,High
-1.0172426498607163,1.0165738831452678,0.0,1.0165738831452678,0.6349303358363921,0.018133923944703395,1.050916683646736,1.389012415347765,1.97247946533229,0.32083684368396415,Low
-1.0172426498607163,1.0165738831452678,0.0,1.0165738831452678,-1.574975936033522,0.018133923944703395,-0.6320991371763074,0.5637437107602843,-0.5069761270399522,0.2270566047597583,Low
0.9830496196132974,-0.983696331943933,0.0,-0.983696331943933,0.6349303358363921,0.018133923944703395,-1.6138583659897494,-1.0867936984146773,-0.5069761270399522,0.28207680097326815,Low
-1.0172426498607163,1.0165738831452678,0.0,1.0165738831452678,-1.574975936033522,0.018133923944703395,-0.912601773980148,0.5637437107602843,-0.5069761270399522,0.3508154043184627,Medium
0.9830496196132974,-0.983696331943933,0.0,-0.983696331943933,0.6349303358363921,0.018133923944703395,-0.49184781877438705,-1.0867936984146773,-0.5069761270399522,0.0339083500328321,Low
0.9830496196132974,-0.983696331943933,0.0,-0.983696331943933,0.6349303358363921,0.018133923944703395,-0.49184781877438705,-1.0867936984146773,-0.5069761270399522,0.0339083500328321,Low
-1.0172426498607163,1.0165738831452678,0.0,1.0165738831452678,-1.574975936033522,0.018133923944703395,1.3314193204505766,-0.2615249938271965,-0.5069761270399522,0.6504865061259313,Medium
0.9830496196132974,-0.983696331943933,0.0,-0.983696331943933,0.6349303358363921,0.018133923944703395,-0.6320991371763074,-1.0867936984146773,-0.5069761270399522,0.013368133429590978,Low
-1.0172426498607163,1.0165738831452678,0.0,1.0165738831452678,0.6349303358363921,0.018133923944703395,0.7704140468428955,1.389012415347765,1.97247946533229,0.37894460407466224,Medium
-1.0172426498607163,1.0165738831452678,0.0,1.0165738831452678,-1.574975936033522,0.018133923944703395,-0.7723504555782277,0.5637437107602843,-0.5069761270399522,0.22177483732159198,Low
0.9830496196132974,-0.983696331943933,0.0,-0.983696331943933,0.6349303358363921,0.018133923944703395,-0.35159650037246676,-0.2615249938271965,-0.5069761270399522,0.13659059428767417,Low
0.9830496196132974,-0.983696331943933,0.0,-0.983696331943933,0.6349303358363921,0.018133923944703395,-1.6138583659897494,-1.0867936984146773,-0.5069761270399522,0.28207680097326815,Low
-1.0172426498607163,1.0165738831452678,0.0,1.0165738831452678,-1.574975936033522,0.018133923944703395,1.1911680020486564,-0.2615249938271965,-0.5069761270399522,0.21869995047516422,Low
-1.0172426498607163,1.0165738831452678,0.0,1.0165738831452678,0.6349303358363921,0.018133923944703395,-1.3333557291859088,2.214281119935246,1.97247946533229,0.585309646010201,Medium
-1.0172426498607163,1.0165738831452678,0.0,1.0165738831452678,-1.574975936033522,0.018133923944703395,-0.6320991371763074,0.5637437107602843,-0.5069761270399522,0.2270566047597583,Low
-1.0172426498607163,1.0165738831452678,0.0,1.0165738831452678,-1.574975936033522,0.018133923944703395,-0.7723504555782277,0.5637437107602843,-0.5069761270399522,0.22177483732159198,Low
-1.0172426498607163,1.0165738831452678,0.0,1.0165738831452678,-1.574975936033522,0.018133923944703395,-0.912601773980148,0.5637437107602843,-0.5069761270399522,0.3508154043184627,Medium
0.9830496196132974,-0.983696331943933,0.0,-0.983696331943933,0.6349303358363921,0.018133923944703395,-0.6320991371763074,-1.0867936984146773,-0.5069761270399522,0.013368133429590978,Low
0.9830496196132974,-0.983696331943933,0.0,-0.983696331943933,0.6349303358363921,0.018133923944703395,-0.6320991371763074,-1.0867936984146773,-0.5069761270399522,0.013368133429590978,Low
0.9830496196132974,-0.983696331943933,0.0,-0.983696331943933,0.6349303358363921,0.018133923944703395,-0.2113451819705465,-0.2615249938271965,-0.5069761270399522,0.2222876005273401,Low
0.9830496196132974,-0.983696331943933,0.0,-0.983696331943933,0.6349303358363921,0.018133923944703395,1.471670638852497,-0.2615249938271965,-0.5069761270399522,0.06959503168766479,Low
0.9830496196132974,-0.983696331943933,0.0,-0.983696331943933,0.6349303358363921,0.018133923944703395,-1.6138583659897494,-1.0867936984146773,-0.5069761270399522,0.28207680097326815,Low
0.9830496196132974,-0.983696331943933,0.0,-0.983696331943933,0.6349303358363921,0.018133923944703395,-0.2113451819705465,-0.2615249938271965,-0.5069761270399522,0.2222876005273401,Low
-1.0172426498607163,1.0165738831452678,0.0,1.0165738831452678,-1.574975936033522,0.018133923944703395,-0.7723504555782277,0.5637437107602843,-0.5069761270399522,0.22177483732159198,Low
0.9830496196132974,-0.983696331943933,0.0,-0.983696331943933,0.6349303358363921,0.018133923944703395,-0.35159650037246676,-0.2615249938271965,-0.5069761270399522,0.13659059428767417,Low
0.9830496196132974,-0.983696331943933,0.0,-0.983696331943933,0.6349303358363921,0.018133923944703395,-0.6320991371763074,-1.0867936984146773,-0.5069761270399522,0.013368133429590978,Low
-1.0172426498607163,1.0165738831452678,0.0,1.0165738831452678,-1.574975936033522,0.018133923944703395,1.471670638852497,-0.2615249938271965,-0.5069761270399522,0.3698020088291347,Medium
-1.0172426498607163,1.0165738831452678,0.0,1.0165738831452678,0.6349303358363921,0.018133923944703395,0.6301627284409752,1.389012415347765,1.97247946533229,0.336331912890648,Medium
0.9830496196132974,-0.983696331943933,0.0,-0.983696331943933,0.6349303358363921,0.018133923944703395,-0.7723504555782277,-1.0867936984146773,-0.5069761270399522,0.0,Low
-1.0172426498607163,1.0165738831452678,0.0,1.0165738831452678,0.6349303358363921,0.018133923944703395,0.6301627284409752,1.389012415347765,1.97247946533229,0.336331912890648,Medium
-1.0172426498607163,1.0165738831452678,0.0,1.0165738831452678,-1.574975936033522,0.018133923944703395,-0.6320991371763074,0.5637437107602843,-0.5069761270399522,0.2270566047597583,Low
0.9830496196132974,-0.983696331943933,0.0,-0.983696331943933,0.6349303358363921,0.018133923944703395,-0.35159650037246676,-0.2615249938271965,-0.5069761270399522,0.13659059428767417,Low
0.9830496196132974,-0.983696331943933,0.0,-0.983696331943933,0.6349303358363921,0.018133923944703395,-0.49184781877438705,-1.0867936984146773,-0.5069761270399522,0.0339083500328321,Low
0.9830496196132974,-0.983696331943933,0.0,-0.983696331943933,0.6349303358363921,0.018133923944703395,-0.49184781877438705,-0.2615249938271965,-0.5069761270399522,0.4902664536629284,Medium
-1.0172426498607163,1.0165738831452678,0.0,1.0165738831452678,-1.574975936033522,0.018133923944703395,1.471670638852497,-0.2615249938271965,-0.5069761270399522,0.3698020088291347,Medium
0.9830496196132974,-0.983696331943933,0.0,-0.983696331943933,0.6349303358363921,0.018133923944703395,-0.7723504555782277,-1.0867936984146773,-0.5069761270399522,0.0,Low
-1.0172426498607163,1.0165738831452678,0.0,1.0165738831452678,-1.574975936033522,0.018133923944703395,-0.6320991371763074,0.5637437107602843,-0.5069761270399522,0.2270566047597583,Low
-1.0172426498607163,1.0165738831452678,0.0,1.0165738831452678,0.6349303358363921,0.018133923944703395,1.471670638852497,1.389012415347765,1.97247946533229,0.3767625192200471,Medium
0.9830496196132974,-0.983696331943933,0.0,-0.983696331943933,0.6349303358363921,0.018133923944703395,-0.912601773980148,-1.0867936984146773,-0.5069761270399522,0.08860458745589206,Low
0.9830496196132974,-0.983696331943933,0.0,-0.983696331943933,0.6349303358363921,0.018133923944703395,-0.912601773980148,-1.0867936984146773,-0.5069761270399522,0.08860458745589206,Low
0.9830496196132974,-0.983696331943933,0.0,-0.983696331943933,0.6349303358363921,0.018133923944703395,1.6119219572544172,-0.2615249938271965,-0.5069761270399522,0.5385080283194328,Medium
0.9830496196132974,-0.983696331943933,0.0,-0.983696331943933,0.6349303358363921,0.018133923944703395,1.471670638852497,-0.2615249938271965,-0.5069761270399522,0.06959503168766479,Low
0.9830496196132974,-0.983696331943933,0.0,-0.983696331943933,0.6349303358363921,0.018133923944703395,-0.7723504555782277,-1.0867936984146773,-0.5069761270399522,0.0,Low
0.9830496196132974,-0.983696331943933,0.0,-0.983696331943933,0.6349303358363921,0.018133923944703395,-0.2113451819705465,-0.2615249938271965,-0.5069761270399522,0.2222876005273401,Low
-1.0172426498607163,1.0165738831452678,0.0,1.0165738831452678,-1.574975936033522,0.018133923944703395,-0.49184781877438705,0.5637437107602843,-0.5069761270399522,0.5106529753953506,Medium
0.9830496196132974,-0.983696331943933,0.0,-0.983696331943933,0.6349303358363921,0.018133923944703395,-0.6320991371763074,-1.0867936984146773,-0.5069761270399522,0.013368133429590978,Low
0.9830496196132974,-0.983696331943933,0.0,-0.983696331943933,0.6349303358363921,0.018133923944703395,1.471670638852497,-1.0867936984146773,-0.5069761270399522,0.6352732852274038,Medium
-1.0172426498607163,1.0165738831452678,0.0,1.0165738831452678,-1.574975936033522,0.018133923944703395,-0.6320991371763074,0.5637437107602843,-0.5069761270399522,0.2270566047597583,Low
-1.0172426498607163,1.0165738831452678,0.0,1.0165738831452678,0.6349303358363921,0.018133923944703395,0.7704140468428955,1.389012415347765,1.97247946533229,0.37894460407466224,Medium
-1.0172426498607163,1.0165738831452678,0.0,1.0165738831452678,-1.574975936033522,0.018133923944703395,-0.6320991371763074,0.5637437107602843,-0.5069761270399522,0.2270566047597583,Low
-1.0172426498607163,1.0165738831452678,0.0,1.0165738831452678,-1.574975936033522,0.018133923944703395,1.471670638852497,-0.2615249938271965,-0.5069761270399522,0.3698020088291347,Medium
-1.0172426498607163,1.0165738831452678,0.0,1.0165738831452678,0.6349303358363921,0.018133923944703395,-1.3333557291859088,2.214281119935246,1.97247946533229,0.585309646010201,Medium
-1.0172426498607163,1.0165738831452678,0.0,1.0165738831452678,0.6349303358363921,0.018133923944703395,-1.3333557291859088,2.214281119935246,1.97247946533229,0.585309646010201,Medium
0.9830496196132974,-0.983696331943933,0.0,-0.983696331943933,0.6349303358363921,0.018133923944703395,1.471670638852497,-0.2615249938271965,-0.5069761270399522,0.06959503168766479,Low
-1.0172426498607163,1.0165738831452678,0.0,1.0165738831452678,-1.574975936033522,0.018133923944703395,-0.49184781877438705,0.5637437107602843,-0.5069761270399522,0.5106529753953506,Medium
0.9830496196132974,-0.983696331943933,0.0,-0.983696331943933,0.6349303358363921,0.018133923944703395,-0.49184781877438705,-1.0867936984146773,-0.5069761270399522,0.0339083500328321,Low
-1.0172426498607163,1.0165738831452678,0.0,1.0165738831452678,-1.574975936033522,0.018133923944703395,-0.49184781877438705,0.5637437107602843,-0.5069761270399522,0.5106529753953506,Medium
0.9830496196132974,-0.983696331943933,0.0,-0.983696331943933,0.6349303358363921,0.018133923944703395,1.471670638852497,-0.2615249938271965,-0.5069761270399522,0.06959503168766479,Low
0.9830496196132974,-0.983696331943933,0.0,-0.983696331943933,0.6349303358363921,0.018133923944703395,-0.49184781877438705,-1.0867936984146773,-0.5069761270399522,0.0339083500328321,Low
0.9830496196132974,-0.983696331943933,0.0,-0.983696331943933,0.6349303358363921,0.018133923944703395,-1.6138583659897494,-1.0867936984146773,-0.5069761270399522,0.28207680097326815,Low
-1.0172426498607163,1.0165738831452678,0.0,1.0165738831452678,-1.574975936033522,0.018133923944703395,-0.7723504555782277,0.5637437107602843,-0.5069761270399522,0.22177483732159198,Low
-1.0172426498607163,1.0165738831452678,0.0,1.0165738831452678,-1.574975936033522,0.018133923944703395,-0.6320991371763074,0.5637437107602843,-0.5069761270399522,0.2270566047597583,Low
-1.0172426498607163,1.0165738831452678,0.0,1.0165738831452678,-1.574975936033522,0.018133923944703395,1.1911680020486564,-0.2615249938271965,-0.5069761270399522,0.21869995047516422,Low
-1.0172426498607163,1.0165738831452678,0.0,1.0165738831452678,-1.574975936033522,0.018133923944703395,1.1911680020486564,-0.2615249938271965,-0.5069761270399522,0.21869995047516422,Low
-1.0172426498607163,1.0165738831452678,0.0,1.0165738831452678,0.6349303358363921,0.018133923944703395,-1.3333557291859088,2.214281119935246,1.97247946533229,0.585309646010201,Medium
0.9830496196132974,-0.983696331943933,0.0,-0.983696331943933,0.6349303358363921,0.018133923944703395,-0.6320991371763074,-1.0867936984146773,-0.5069761270399522,0.013368133429590978,Low
0.9830496196132974,-0.983696331943933,0.0,-0.983696331943933,0.6349303358363921,0.018133923944703395,-0.35159650037246676,-0.2615249938271965,-0.5069761270399522,0.13659059428767417,Low
-1.0172426498607163,1.0165738831452678,0.0,1.0165738831452678,-1.574975936033522,0.018133923944703395,1.471670638852497,-0.2615249938271965,-0.5069761270399522,0.3698020088291347,Medium
-1.0172426498607163,1.0165738831452678,0.0,1.0165738831452678,-1.574975936033522,0.018133923944703395,-0.7723504555782277,0.5637437107602843,-0.5069761270399522,0.22177483732159198,Low
-1.0172426498607163,1.0165738831452678,0.0,1.0165738831452678,0.6349303358363921,0.018133923944703395,0.7704140468428955,1.389012415347765,1.97247946533229,0.37894460407466224,Medium
-1.0172426498607163,1.0165738831452678,0.0,1.0165738831452678,0.6349303358363921,0.018133923944703395,0.4899114100390549,1.389012415347765,1.97247946533229,0.14692596547518133,Low
-1.0172426498607163,1.0165738831452678,0.0,1.0165738831452678,-1.574975936033522,0.018133923944703395,1.1911680020486564,-0.2615249938271965,-0.5069761270399522,0.21869995047516422,Low
-1.0172426498607163,1.0165738831452678,0.0,1.0165738831452678,-1.574975936033522,0.018133923944703395,-0.6320991371763074,0.5637437107602843,-0.5069761270399522,0.2270566047597583,Low
0.9830496196132974,-0.983696331943933,0.0,-0.983696331943933,0.6349303358363921,0.018133923944703395,-0.6320991371763074,-1.0867936984146773,-0.5069761270399522,0.013368133429590978,Low
-1.0172426498607163,1.0165738831452678,0.0,1.0165738831452678,0.6349303358363921,0.018133923944703395,1.471670638852497,1.389012415347765,1.97247946533229,0.3767625192200471,Medium
0.9830496196132974,-0.983696331943933,0.0,-0.983696331943933,0.6349303358363921,0.018133923944703395,-0.07109386356862622,-0.2615249938271965,-0.5069761270399522,0.5419933729081817,Medium
-1.0172426498607163,1.0165738831452678,0.0,1.0165738831452678,-1.574975936033522,0.018133923944703395,1.1911680020486564,-0.2615249938271965,-0.5069761270399522,0.21869995047516422,Low
0.9830496196132974,-0.983696331943933,0.0,-0.983696331943933,0.6349303358363921,0.018133923944703395,-0.912601773980148,-1.0867936984146773,-0.5069761270399522,0.08860458745589206,Low
0.9830496196132974,-0.983696331943933,0.0,-0.983696331943933,0.6349303358363921,0.018133923944703395,-0.49184781877438705,-0.2615249938271965,-0.5069761270399522,0.4902664536629284,Medium
0.9830496196132974,-0.983696331943933,0.0,-0.983696331943933,0.6349303358363921,0.018133923944703395,1.471670638852497,-0.2615249938271965,-0.5069761270399522,0.06959503168766479,Low
0.9830496196132974,-0.983696331943933,0.0,-0.983696331943933,0.6349303358363921,0.018133923944703395,1.471670638852497,-0.2615249938271965,-0.5069761270399522,0.06959503168766479,Low
-1.0172426498607163,1.0165738831452678,0.0,1.0165738831452678,-1.574975936033522,0.018133923944703395,-0.912601773980148,0.5637437107602843,-0.5069761270399522,0.3508154043184627,Medium
-1.0172426498607163,1.0165738831452678,0.0,1.0165738831452678,-1.574975936033522,0.018133923944703395,-0.7723504555782277,0.5637437107602843,-0.5069761270399522,0.22177483732159198,Low
0.9830496196132974,-0.983696331943933,0.0,-0.983696331943933,0.6349303358363921,0.018133923944703395,-0.6320991371763074,-1.0867936984146773,-0.5069761270399522,0.013368133429590978,Low
0.9830496196132974,-0.983696331943933,0.0,-0.983696331943933,0.6349303358363921,0.018133923944703395,-0.7723504555782277,-1.0867936984146773,-0.5069761270399522,0.0,Low
-1.0172426498607163,1.0165738831452678,0.0,1.0165738831452678,-1.574975936033522,0.018133923944703395,-0.7723504555782277,0.5637437107602843,-0.5069761270399522,0.22177483732159198,Low
0.9830496196132974,-0.983696331943933,0.0,-0.983696331943933,0.6349303358363921,0.018133923944703395,0.4899114100390549,-1.0867936984146773,-0.5069761270399522,0.3459144990257945,Medium
-1.0172426498607163,1.0165738831452678,0.0,1.0165738831452678,-1.574975936033522,0.018133923944703395,1.471670638852497,-0.2615249938271965,-0.5069761270399522,0.3698020088291347,Medium
-1.0172426498607163,1.0165738831452678,0.0,1.0165738831452678,-1.574975936033522,0.018133923944703395,1.1911680020486564,-0.2615249938271965,-0.5069761270399522,0.21869995047516422,Low
-1.0172426498607163,1.0165738831452678,0.0,1.0165738831452678,-1.574975936033522,0.018133923944703395,-0.7723504555782277,0.5637437107602843,-0.5069761270399522,0.22177483732159198,Low
0.9830496196132974,-0.983696331943933,0.0,-0.983696331943933,0.6349303358363921,0.018133923944703395,-0.2113451819705465,-0.2615249938271965,-0.5069761270399522,0.2222876005273401,Low
0.9830496196132974,-0.983696331943933,0.0,-0.983696331943933,0.6349303358363921,0.018133923944703395,0.4899114100390549,-1.0867936984146773,-0.5069761270399522,0.3459144990257945,Medium
-1.0172426498607163,1.0165738831452678,0.0,1.0165738831452678,-1.574975936033522,0.018133923944703395,1.050916683646736,-0.2615249938271965,-0.5069761270399522,0.7591112610209242,High
-1.0172426498607163,1.0165738831452678,0.0,1.0165738831452678,0.6349303358363921,0.018133923944703395,-1.4736070475878291,2.214281119935246,1.97247946533229,0.7871604308810021,High
0.9830496196132974,-0.983696331943933,0.0,-0.983696331943933,0.6349303358363921,0.018133923944703395,-0.6320991371763074,-1.0867936984146773,-0.5069761270399522,0.013368133429590978,Low
-1.0172426498607163,1.0165738831452678,0.0,1.0165738831452678,-1.574975936033522,0.018133923944703395,1.1911680020486564,-0.2615249938271965,-0.5069761270399522,0.21869995047516422,Low
-1.0172426498607163,1.0165738831452678,0.0,1.0165738831452678,-1.574975936033522,0.018133923944703395,-0.49184781877438705,0.5637437107602843,-0.5069761270399522,0.5106529753953506,Medium
-1.0172426498607163,1.0165738831452678,0.0,1.0165738831452678,-1.574975936033522,0.018133923944703395,1.471670638852497,-0.2615249938271965,-0.5069761270399522,0.3698020088291347,Medium
0.9830496196132974,-0.983696331943933,0.0,-0.983696331943933,0.6349303358363921,0.018133923944703395,-0.49184781877438705,-1.0867936984146773,-0.5069761270399522,0.0339083500328321,Low
-1.0172426498607163,1.0165738831452678,0.0,1.0165738831452678,-1.574975936033522,0.018133923944703395,-0.7723504555782277,0.5637437107602843,-0.5069761270399522,0.22177483732159198,Low
-1.0172426498607163,1.0165738831452678,0.0,1.0165738831452678,-1.574975936033522,0.018133923944703395,1.1911680020486564,-0.2615249938271965,-0.5069761270399522,0.21869995047516422,Low
-1.0172426498607163,1.0165738831452678,0.0,1.0165738831452678,-1.574975936033522,0.018133923944703395,-0.912601773980148,0.5637437107602843,-0.5069761270399522,0.3508154043184627,Medium
0.9830496196132974,-0.983696331943933,0.0,-0.983696331943933,0.6349303358363921,0.018133923944703395,-0.912601773980148,-1.0867936984146773,-0.5069761270399522,0.08860458745589206,Low
0.9830496196132974,-0.983696331943933,0.0,-0.983696331943933,0.6349303358363921,0.018133923944703395,-0.49184781877438705,-1.0867936984146773,-0.5069761270399522,0.0339083500328321,Low
0.9830496196132974,-0.983696331943933,0.0,-0.983696331943933,0.6349303358363921,0.018133923944703395,1.471670638852497,-0.2615249938271965,-0.5069761270399522,0.06959503168766479,Low
-1.0172426498607163,1.0165738831452678,0.0,1.0165738831452678,0.6349303358363921,0.018133923944703395,-1.3333557291859088,2.214281119935246,1.97247946533229,0.585309646010201,Medium
0.9830496196132974,-0.983696331943933,0.0,-0.983696331943933,0.6349303358363921,0.018133923944703395,1.3314193204505766,-0.2615249938271965,-0.5069761270399522,0.43998883974915237,Medium
-1.0172426498607163,1.0165738831452678,0.0,1.0165738831452678,-1.574975936033522,0.018133923944703395,-0.912601773980148,0.5637437107602843,-0.5069761270399522,0.3508154043184627,Medium
0.9830496196132974,-0.983696331943933,0.0,-0.983696331943933,0.6349303358363921,0.018133923944703395,-0.912601773980148,-1.0867936984146773,-0.5069761270399522,0.08860458745589206,Low
0.9830496196132974,-0.983696331943933,0.0,-0.983696331943933,0.6349303358363921,0.018133923944703395,-0.7723504555782277,-1.0867936984146773,-0.5069761270399522,0.0,Low
0.9830496196132974,-0.983696331943933,0.0,-0.983696331943933,0.6349303358363921,0.018133923944703395,-0.7723504555782277,-1.0867936984146773,-0.5069761270399522,0.0,Low
-1.0172426498607163,1.0165738831452678,0.0,1.0165738831452678,-1.574975936033522,0.018133923944703395,1.471670638852497,-0.2615249938271965,-0.5069761270399522,0.3698020088291347,Medium
0.9830496196132974,-0.983696331943933,0.0,-0.983696331943933,0.6349303358363921,0.018133923944703395,0.4899114100390549,-1.0867936984146773,-0.5069761270399522,0.3459144990257945,Medium
-1.0172426498607163,1.0165738831452678,0.0,1.0165738831452678,0.6349303358363921,0.018133923944703395,0.34966009163713463,1.389012415347765,1.97247946533229,0.5265052535222334,Medium
-1.0172426498607163,1.0165738831452678,0.0,1.0165738831452678,-1.574975936033522,0.018133923944703395,1.471670638852497,-0.2615249938271965,-0.5069761270399522,0.3698020088291347,Medium
0.9830496196132974,-0.983696331943933,0.0,-0.983696331943933,0.6349303358363921,0.018133923944703395,-0.7723504555782277,-1.0867936984146773,-0.5069761270399522,0.0,Low
0.9830496196132974,-0.983696331943933,0.0,-0.983696331943933,0.6349303358363921,0.018133923944703395,-0.49184781877438705,-1.0867936984146773,-0.5069761270399522,0.0339083500328321,Low
0.9830496196132974,-0.983696331943933,0.0,-0.983696331943933,0.6349303358363921,0.018133923944703395,-0.49184781877438705,-1.0867936984146773,-0.5069761270399522,0.0339083500328321,Low
-1.0172426498607163,1.0165738831452678,0.0,1.0165738831452678,0.6349303358363921,0.018133923944703395,0.4899114100390549,1.389012415347765,1.97247946533229,0.14692596547518133,Low
-1.0172426498607163,1.0165738831452678,0.0,1.0165738831452678,0.6349303358363921,0.018133923944703395,-1.3333557291859088,2.214281119935246,1.97247946533229,0.585309646010201,Medium
-1.0172426498607163,1.0165738831452678,0.0,1.0165738831452678,-1.574975936033522,0.018133923944703395,1.471670638852497,-0.2615249938271965,-0.5069761270399522,0.3698020088291347,Medium
-1.0172426498607163,1.0165738831452678,0.0,1.0165738831452678,0.6349303358363921,0.018133923944703395,0.7704140468428955,1.389012415347765,1.97247946533229,0.37894460407466224,Medium
0.9830496196132974,-0.983696331943933,0.0,-0.983696331943933,0.6349303358363921,0.018133923944703395,-0.49184781877438705,-1.0867936984146773,-0.5069761270399522,0.0339083500328321,Low
0.9830496196132974,-0.983696331943933,0.0,-0.983696331943933,0.6349303358363921,0.018133923944703395,-0.6320991371763074,-1.0867936984146773,-0.5069761270399522,0.013368133429590978,Low
-1.0172426498607163,1.0165738831452678,0.0,1.0165738831452678,0.6349303358363921,0.018133923944703395,0.34966009163713463,1.389012415347765,1.97247946533229,0.5265052535222334,Medium
-1.0172426498607163,1.0165738831452678,0.0,1.0165738831452678,0.6349303358363921,0.018133923944703395,0.4899114100390549,1.389012415347765,1.97247946533229,0.14692596547518133,Low
0.9830496196132974,-0.983696331943933,0.0,-0.983696331943933,0.6349303358363921,0.018133923944703395,1.6119219572544172,-1.912062403002158,-0.5069761270399522,0.9460034357408331,High
-1.0172426498607163,1.0165738831452678,0.0,1.0165738831452678,-1.574975936033522,0.018133923944703395,1.471670638852497,-0.2615249938271965,-0.5069761270399522,0.3698020088291347,Medium
-1.0172426498607163,1.0165738831452678,0.0,1.0165738831452678,-1.574975936033522,0.018133923944703395,-0.49184781877438705,0.5637437107602843,-0.5069761270399522,0.5106529753953506,Medium
0.9830496196132974,-0.983696331943933,0.0,-0.983696331943933,0.6349303358363921,0.018133923944703395,-0.35159650037246676,-0.2615249938271965,-0.5069761270399522,0.13659059428767417,Low
-1.0172426498607163,1.0165738831452678,0.0,1.0165738831452678,0.6349303358363921,0.018133923944703395,-1.3333557291859088,2.214281119935246,1.97247946533229,0.585309646010201,Medium
0.9830496196132974,-0.983696331943933,0.0,-0.983696331943933,0.6349303358363921,0.018133923944703395,-0.49184781877438705,-1.0867936984146773,-0.5069761270399522,0.0339083500328321,Low
-1.0172426498607163,1.0165738831452678,0.0,1.0165738831452678,0.6349303358363921,0.018133923944703395,1.471670638852497,1.389012415347765,1.97247946533229,0.3767625192200471,Medium
-1.0172426498607163,1.0165738831452678,0.0,1.0165738831452678,-1.574975936033522,0.018133923944703395,-0.7723504555782277,0.5637437107602843,-0.5069761270399522,0.22177483732159198,Low
0.9830496196132974,-0.983696331943933,0.0,-0.983696331943933,0.6349303358363921,0.018133923944703395,-0.35159650037246676,-0.2615249938271965,-0.5069761270399522,0.13659059428767417,Low
0.9830496196132974,-0.983696331943933,0.0,-0.983696331943933,0.6349303358363921,0.018133923944703395,-1.6138583659897494,-1.0867936984146773,-0.5069761270399522,0.28207680097326815,Low
0.9830496196132974,-0.983696331943933,0.0,-0.983696331943933,0.6349303358363921,0.018133923944703395,1.471670638852497,-0.2615249938271965,-0.5069761270399522,0.06959503168766479,Low
0.9830496196132974,-0.983696331943933,0.0,-0.983696331943933,0.6349303358363921,0.018133923944703395,1.471670638852497,-0.2615249938271965,-0.5069761270399522,0.06959503168766479,Low
-1.0172426498607163,1.0165738831452678,0.0,1.0165738831452678,-1.574975936033522,0.018133923944703395,-0.6320991371763074,0.5637437107602843,-0.5069761270399522,0.2270566047597583,Low
0.9830496196132974,-0.983696331943933,0.0,-0.983696331943933,0.6349303358363921,0.018133923944703395,-0.35159650037246676,-0.2615249938271965,-0.5069761270399522,0.13659059428767417,Low
-1.0172426498607163,1.0165738831452678,0.0,1.0165738831452678,0.6349303358363921,0.018133923944703395,1.050916683646736,1.389012415347765,1.97247946533229,0.32083684368396415,Low
0.9830496196132974,-0.983696331943933,0.0,-0.983696331943933,0.6349303358363921,0.018133923944703395,-0.2113451819705465,-0.2615249938271965,-0.5069761270399522,0.2222876005273401,Low
0.9830496196132974,-0.983696331943933,0.0,-0.983696331943933,0.6349303358363921,0.018133923944703395,0.4899114100390549,-1.0867936984146773,-0.5069761270399522,0.3459144990257945,Medium
0.9830496196132974,-0.983696331943933,0.0,-0.983696331943933,0.6349303358363921,0.018133923944703395,-0.49184781877438705,-1.0867936984146773,-0.5069761270399522,0.0339083500328321,Low
-1.0172426498607163,1.0165738831452678,0.0,1.0165738831452678,0.6349303358363921,0.018133923944703395,1.471670638852497,1.389012415347765,1.97247946533229,0.3767625192200471,Medium
-1.0172426498607163,1.0165738831452678,0.0,1.0165738831452678,-1.574975936033522,0.018133923944703395,1.471670638852497,-0.2615249938271965,-0.5069761270399522,0.3698020088291347,Medium
-1.0172426498607163,1.0165738831452678,0.0,1.0165738831452678,-1.574975936033522,0.018133923944703395,-0.7723504555782277,0.5637437107602843,-0.5069761270399522,0.22177483732159198,Low
-1.0172426498607163,1.0165738831452678,0.0,1.0165738831452678,-1.574975936033522,0.018133923944703395,-0.6320991371763074,0.5637437107602843,-0.5069761270399522,0.2270566047597583,Low
-1.0172426498607163,1.0165738831452678,0.0,1.0165738831452678,-1.574975936033522,0.018133923944703395,-0.6320991371763074,0.5637437107602843,-0.5069761270399522,0.2270566047597583,Low
0.9830496196132974,-0.983696331943933,0.0,-0.983696331943933,0.6349303358363921,0.018133923944703395,1.471670638852497,-0.2615249938271965,-0.5069761270399522,0.06959503168766479,Low
-1.0172426498607163,1.0165738831452678,0.0,1.0165738831452678,-1.574975936033522,0.018133923944703395,1.471670638852497,-0.2615249938271965,-0.5069761270399522,0.3698020088291347,Medium
0.9830496196132974,-0.983696331943933,0.0,-0.983696331943933,0.6349303358363921,0.018133923944703395,-0.49184781877438705,-1.0867936984146773,-0.5069761270399522,0.0339083500328321,Low
-1.0172426498607163,1.0165738831452678,0.0,1.0165738831452678,-1.574975936033522,0.018133923944703395,1.1911680020486564,-0.2615249938271965,-0.5069761270399522,0.21869995047516422,Low
0.9830496196132974,-0.983696331943933,0.0,-0.983696331943933,0.6349303358363921,0.018133923944703395,0.4899114100390549,-1.0867936984146773,-0.5069761270399522,0.3459144990257945,Medium
0.9830496196132974,-0.983696331943933,0.0,-0.983696331943933,0.6349303358363921,0.018133923944703395,-0.49184781877438705,-0.2615249938271965,-0.5069761270399522,0.4902664536629284,Medium
0.9830496196132974,-0.983696331943933,0.0,-0.983696331943933,0.6349303358363921,0.018133923944703395,-0.7723504555782277,-1.0867936984146773,-0.5069761270399522,0.0,Low
0.9830496196132974,-0.983696331943933,0.0,-0.983696331943933,0.6349303358363921,0.018133923944703395,1.3314193204505766,-0.2615249938271965,-0.5069761270399522,0.43998883974915237,Medium
0.9830496196132974,-0.983696331943933,0.0,-0.983696331943933,0.6349303358363921,0.018133923944703395,-0.7723504555782277,-1.0867936984146773,-0.5069761270399522,0.0,Low
0.9830496196132974,-0.983696331943933,0.0,-0.983696331943933,0.6349303358363921,0.018133923944703395,1.471670638852497,-0.2615249938271965,-0.5069761270399522,0.06959503168766479,Low
0.9830496196132974,-0.983696331943933,0.0,-0.983696331943933,0.6349303358363921,0.018133923944703395,-0.35159650037246676,-0.2615249938271965,-0.5069761270399522,0.13659059428767417,Low
-1.0172426498607163,1.0165738831452678,0.0,1.0165738831452678,-1.574975936033522,0.018133923944703395,-0.6320991371763074,0.5637437107602843,-0.5069761270399522,0.2270566047597583,Low
0.9830496196132974,-0.983696331943933,0.0,-0.983696331943933,0.6349303358363921,0.018133923944703395,-0.49184781877438705,-1.0867936984146773,-0.5069761270399522,0.0339083500328321,Low
0.9830496196132974,-0.983696331943933,0.0,-0.983696331943933,0.6349303358363921,0.018133923944703395,-0.912601773980148,-1.0867936984146773,-0.5069761270399522,0.08860458745589206,Low
0.9830496196132974,-0.983696331943933,0.0,-0.983696331943933,0.6349303358363921,0.018133923944703395,-0.7723504555782277,-1.0867936984146773,-0.5069761270399522,0.0,Low
0.9830496196132974,-0.983696331943933,0.0,-0.983696331943933,0.6349303358363921,0.018133923944703395,1.050916683646736,-2.7373311075896387,-0.5069761270399522,1.0,High
-1.0172426498607163,1.0165738831452678,0.0,1.0165738831452678,-1.574975936033522,0.018133923944703395,-0.7723504555782277,0.5637437107602843,-0.5069761270399522,0.22177483732159198,Low
-1.0172426498607163,1.0165738831452678,0.0,1.0165738831452678,-1.574975936033522,0.018133923944703395,-0.7723504555782277,0.5637437107602843,-0.5069761270399522,0.22177483732159198,Low
-1.0172426498607163,1.0165738831452678,0.0,1.0165738831452678,-1.574975936033522,0.018133923944703395,1.1911680020486564,-0.2615249938271965,-0.5069761270399522,0.21869995047516422,Low
0.9830496196132974,-0.983696331943933,0.0,-0.983696331943933,0.6349303358363921,0.018133923944703395,-0.07109386356862622,-0.2615249938271965,-0.5069761270399522,0.5419933729081817,Medium
0.9830496196132974,-0.983696331943933,0.0,-0.983696331943933,0.6349303358363921,0.018133923944703395,-0.912601773980148,-1.0867936984146773,-0.5069761270399522,0.08860458745589206,Low
0.9830496196132974,-0.983696331943933,0.0,-0.983696331943933,0.6349303358363921,0.018133923944703395,1.471670638852497,-0.2615249938271965,-0.5069761270399522,0.06959503168766479,Low
-1.0172426498607163,1.0165738831452678,0.0,1.0165738831452678,-1.574975936033522,0.018133923944703395,-0.7723504555782277,0.5637437107602843,-0.5069761270399522,0.22177483732159198,Low
0.9830496196132974,-0.983696331943933,0.0,-0.983696331943933,0.6349303358363921,0.018133923944703395,0.4899114100390549,-1.0867936984146773,-0.5069761270399522,0.3459144990257945,Medium
0.9830496196132974,-0.983696331943933,0.0,-0.983696331943933,0.6349303358363921,0.018133923944703395,-0.7723504555782277,-1.0867936984146773,-0.5069761270399522,0.0,Low
0.9830496196132974,-0.983696331943933,0.0,-0.983696331943933,0.6349303358363921,0.018133923944703395,-0.49184781877438705,-1.0867936984146773,-0.5069761270399522,0.0339083500328321,Low
-1.0172426498607163,1.0165738831452678,0.0,1.0165738831452678,0.6349303358363921,0.018133923944703395,0.4899114100390549,1.389012415347765,1.97247946533229,0.14692596547518133,Low
-1.0172426498607163,1.0165738831452678,0.0,1.0165738831452678,0.6349303358363921,0.018133923944703395,0.6301627284409752,1.389012415347765,1.97247946533229,0.336331912890648,Medium
0.9830496196132974,-0.983696331943933,0.0,-0.983696331943933,0.6349303358363921,0.018133923944703395,-0.35159650037246676,-0.2615249938271965,-0.5069761270399522,0.13659059428767417,Low
0.9830496196132974,-0.983696331943933,0.0,-0.983696331943933,0.6349303358363921,0.018133923944703395,1.6119219572544172,-0.2615249938271965,-0.5069761270399522,0.5385080283194328,Medium
-1.0172426498607163,1.0165738831452678,0.0,1.0165738831452678,-1.574975936033522,0.018133923944703395,1.1911680020486564,-0.2615249938271965,-0.5069761270399522,0.21869995047516422,Low
-1.0172426498607163,1.0165738831452678,0.0,1.0165738831452678,0.6349303358363921,0.018133923944703395,1.471670638852497,1.389012415347765,1.97247946533229,0.3767625192200471,Medium
-1.0172426498607163,1.0165738831452678,0.0,1.0165738831452678,-1.574975936033522,0.018133923944703395,-0.7723504555782277,0.5637437107602843,-0.5069761270399522,0.22177483732159198,Low
0.9830496196132974,-0.983696331943933,0.0,-0.983696331943933,0.6349303358363921,0.018133923944703395,1.471670638852497,-0.2615249938271965,-0.5069761270399522,0.06959503168766479,Low
0.9830496196132974,-0.983696331943933,0.0,-0.983696331943933,0.6349303358363921,0.018133923944703395,0.4899114100390549,-1.0867936984146773,-0.5069761270399522,0.3459144990257945,Medium
0.9830496196132974,-0.983696331943933,0.0,-0.983696331943933,0.6349303358363921,0.018133923944703395,0.4899114100390549,-1.0867936984146773,-0.5069761270399522,0.3459144990257945,Medium
-1.0172426498607163,1.0165738831452678,0.0,1.0165738831452678,0.6349303358363921,0.018133923944703395,0.9106653652448158,1.389012415347765,1.97247946533229,0.4975851472477606,Medium
0.9830496196132974,-0.983696331943933,0.0,-0.983696331943933,0.6349303358363921,0.018133923944703395,1.471670638852497,-0.2615249938271965,-0.5069761270399522,0.06959503168766479,Low
0.9830496196132974,-0.983696331943933,0.0,-0.983696331943933,0.6349303358363921,0.018133923944703395,-0.6320991371763074,-1.0867936984146773,-0.5069761270399522,0.013368133429590978,Low
0.9830496196132974,-0.983696331943933,0.0,-0.983696331943933,0.6349303358363921,0.018133923944703395,1.3314193204505766,-0.2615249938271965,-0.5069761270399522,0.43998883974915237,Medium
0.9830496196132974,-0.983696331943933,0.0,-0.983696331943933,0.6349303358363921,0.018133923944703395,0.4899114100390549,-1.0867936984146773,-0.5069761270399522,0.3459144990257945,Medium
0.9830496196132974,-0.983696331943933,0.0,-0.983696331943933,0.6349303358363921,0.018133923944703395,1.471670638852497,-0.2615249938271965,-0.5069761270399522,0.06959503168766479,Low
-1.0172426498607163,1.0165738831452678,0.0,1.0165738831452678,0.6349303358363921,0.018133923944703395,1.6119219572544172,1.389012415347765,1.97247946533229,0.6316939831625069,Medium
-1.0172426498607163,1.0165738831452678,0.0,1.0165738831452678,0.6349303358363921,0.018133923944703395,0.20940877323521434,1.389012415347765,1.97247946533229,0.5558675566420004,Medium
0.9830496196132974,-0.983696331943933,0.0,-0.983696331943933,0.6349303358363921,0.018133923944703395,-0.35159650037246676,-0.2615249938271965,-0.5069761270399522,0.13659059428767417,Low
0.9830496196132974,-0.983696331943933,0.0,-0.983696331943933,0.6349303358363921,0.018133923944703395,-0.49184781877438705,-1.0867936984146773,-0.5069761270399522,0.0339083500328321,Low
0.9830496196132974,-0.983696331943933,0.0,-0.983696331943933,0.6349303358363921,0.018133923944703395,-0.6320991371763074,-1.0867936984146773,-0.5069761270399522,0.013368133429590978,Low
0.9830496196132974,-0.983696331943933,0.0,-0.983696331943933,0.6349303358363921,0.018133923944703395,1.471670638852497,-0.2615249938271965,-0.5069761270399522,0.06959503168766479,Low
-1.0172426498607163,1.0165738831452678,0.0,1.0165738831452678,-1.574975936033522,0.018133923944703395,1.3314193204505766,-0.2615249938271965,-0.5069761270399522,0.6504865061259313,Medium
-1.0172426498607163,1.0165738831452678,0.0,1.0165738831452678,-1.574975936033522,0.018133923944703395,-0.6320991371763074,0.5637437107602843,-0.5069761270399522,0.2270566047597583,Low
-1.0172426498607163,1.0165738831452678,0.0,1.0165738831452678,-1.574975936033522,0.018133923944703395,-0.7723504555782277,0.5637437107602843,-0.5069761270399522,0.22177483732159198,Low
0.9830496196132974,-0.983696331943933,0.0,-0.983696331943933,0.6349303358363921,0.018133923944703395,1.471670638852497,-0.2615249938271965,-0.5069761270399522,0.06959503168766479,Low
0.9830496196132974,-0.983696331943933,0.0,-0.983696331943933,0.6349303358363921,0.018133923944703395,-0.7723504555782277,-1.0867936984146773,-0.5069761270399522,0.0,Low
-1.0172426498607163,1.0165738831452678,0.0,1.0165738831452678,-1.574975936033522,0.018133923944703395,1.1911680020486564,-0.2615249938271965,-0.5069761270399522,0.21869995047516422,Low
-1.0172426498607163,1.0165738831452678,0.0,1.0165738831452678,0.6349303358363921,0.018133923944703395,-1.3333557291859088,2.214281119935246,1.97247946533229,0.585309646010201,Medium
0.9830496196132974,-0.983696331943933,0.0,-0.983696331943933,0.6349303358363921,0.018133923944703395,0.4899114100390549,-1.0867936984146773,-0.5069761270399522,0.3459144990257945,Medium
-1.0172426498607163,1.0165738831452678,0.0,1.0165738831452678,-1.574975936033522,0.018133923944703395,-0.912601773980148,0.5637437107602843,-0.5069761270399522,0.3508154043184627,Medium
0.9830496196132974,-0.983696331943933,0.0,-0.983696331943933,0.6349303358363921,0.018133923944703395,1.6119219572544172,-0.2615249938271965,-0.5069761270399522,0.5385080283194328,Medium
0.9830496196132974,-0.983696331943933,0.0,-0.983696331943933,0.6349303358363921,0.018133923944703395,1.3314193204505766,-0.2615249938271965,-0.5069761270399522,0.43998883974915237,Medium
0.9830496196132974,-0.983696331943933,0.0,-0.983696331943933,0.6349303358363921,0.018133923944703395,-0.2113451819705465,-0.2615249938271965,-0.5069761270399522,0.2222876005273401,Low
-1.0172426498607163,1.0165738831452678,0.0,1.0165738831452678,-1.574975936033522,0.018133923944703395,1.1911680020486564,-0.2615249938271965,-0.5069761270399522,0.21869995047516422,Low
-1.0172426498607163,1.0165738831452678,0.0,1.0165738831452678,-1.574975936033522,0.018133923944703395,-0.49184781877438705,0.5637437107602843,-0.5069761270399522,0.5106529753953506,Medium
-1.0172426498607163,1.0165738831452678,0.0,1.0165738831452678,-1.574975936033522,0.018133923944703395,1.1911680020486564,-0.2615249938271965,-0.5069761270399522,0.21869995047516422,Low
0.9830496196132974,-0.983696331943933,0.0,-0.983696331943933,0.6349303358363921,0.018133923944703395,-0.6320991371763074,-1.0867936984146773,-0.5069761270399522,0.013368133429590978,Low
-1.0172426498607163,1.0165738831452678,0.0,1.0165738831452678,0.6349303358363921,0.018133923944703395,-1.3333557291859088,2.214281119935246,1.97247946533229,0.585309646010201,Medium
-1.0172426498607163,1.0165738831452678,0.0,1.0165738831452678,-1.574975936033522,0.018133923944703395,-0.6320991371763074,0.5637437107602843,-0.5069761270399522,0.2270566047597583,Low
-1.0172426498607163,1.0165738831452678,0.0,1.0165738831452678,-1.574975936033522,0.018133923944703395,-0.6320991371763074,0.5637437107602843,-0.5069761270399522,0.2270566047597583,Low
-1.0172426498607163,1.0165738831452678,0.0,1.0165738831452678,0.6349303358363921,0.018133923944703395,1.6119219572544172,1.389012415347765,1.97247946533229,0.6316939831625069,Medium
0.9830496196132974,-0.983696331943933,0.0,-0.983696331943933,0.6349303358363921,0.018133923944703395,-0.35159650037246676,-0.2615249938271965,-0.5069761270399522,0.13659059428767417,Low
0.9830496196132974,-0.983696331943933,0.0,-0.983696331943933,0.6349303358363921,0.018133923944703395,-0.6320991371763074,-1.0867936984146773,-0.5069761270399522,0.013368133429590978,Low
0.9830496196132974,-0.983696331943933,0.0,-0.983696331943933,0.6349303358363921,0.018133923944703395,-0.49184781877438705,-1.0867936984146773,-0.5069761270399522,0.0339083500328321,Low
-1.0172426498607163,1.0165738831452678,0.0,1.0165738831452678,0.6349303358363921,0.018133923944703395,0.4899114100390549,1.389012415347765,1.97247946533229,0.14692596547518133,Low
-1.0172426498607163,1.0165738831452678,0.0,1.0165738831452678,-1.574975936033522,0.018133923944703395,1.471670638852497,-0.2615249938271965,-0.5069761270399522,0.3698020088291347,Medium
0.9830496196132974,-0.983696331943933,0.0,-0.983696331943933,0.6349303358363921,0.018133923944703395,-0.6320991371763074,-1.0867936984146773,-0.5069761270399522,0.013368133429590978,Low
-1.0172426498607163,1.0165738831452678,0.0,1.0165738831452678,0.6349303358363921,0.018133923944703395,1.1911680020486564,1.389012415347765,1.97247946533229,0.5353644319673063,Medium
-1.0172426498607163,1.0165738831452678,0.0,1.0165738831452678,0.6349303358363921,0.018133923944703395,0.4899114100390549,1.389012415347765,1.97247946533229,0.14692596547518133,Low
-1.0172426498607163,1.0165738831452678,0.0,1.0165738831452678,-1.574975936033522,0.018133923944703395,-0.912601773980148,0.5637437107602843,-0.5069761270399522,0.3508154043184627,Medium
-1.0172426498607163,1.0165738831452678,0.0,1.0165738831452678,-1.574975936033522,0.018133923944703395,1.3314193204505766,-0.2615249938271965,-0.5069761270399522,0.6504865061259313,Medium
