event_id,logged,level,user,log_name,opcode,task_category,computer,keyword
4672,2026-04-24 08:43:12,Audit Success,,Security,Info,Special Logon,DESKTOP-8LN1BLF,Audit Success
4624,2026-04-24 08:43:12,Audit Success,,Security,Info,Logon,DESKTOP-8LN1BLF,Audit Success
5379,2026-04-24 08:33:38,Audit Success,,Security,Info,User Account Management,DESKTOP-8LN1BLF,Audit Success
4672,2026-04-24 08:33:37,Audit Success,,Security,Info,Special Logon,DESKTOP-8LN1BLF,Audit Success
4624,2026-04-24 08:33:37,Audit Success,,Security,Info,Logon,DESKTOP-8LN1BLF,Audit Success
4672,2026-04-24 08:32:54,Audit Success,,Security,Info,Special Logon,DESKTOP-8LN1BLF,Audit Success
4624,2026-04-24 08:32:54,Audit Success,,Security,Info,Logon,DESKTOP-8LN1BLF,Audit Success
4799,2026-04-24 08:31:05,Audit Success,,Security,Info,A security-enabled local group membership was enumerated.,DESKTOP-8LN1BLF,Audit Success
4672,2026-04-24 08:31:00,Audit Success,,Security,Info,Special Logon,DESKTOP-8LN1BLF,Audit Success
4624,2026-04-24 08:31:00,Audit Success,,Security,Info,Logon,DESKTOP-8LN1BLF,Audit Success
4672,2026-04-24 08:22:31,Audit Success,,Security,Info,Special Logon,DESKTOP-8LN1BLF,Audit Success
4624,2026-04-24 08:22:31,Audit Success,,Security,Info,Logon,DESKTOP-8LN1BLF,Audit Success
4672,2026-04-24 08:18:49,Audit Success,,Security,Info,Special Logon,DESKTOP-8LN1BLF,Audit Success
4624,2026-04-24 08:18:49,Audit Success,,Security,Info,Logon,DESKTOP-8LN1BLF,Audit Success
4672,2026-04-24 08:17:54,Audit Success,,Security,Info,Special Logon,DESKTOP-8LN1BLF,Audit Success
4624,2026-04-24 08:17:54,Audit Success,,Security,Info,Logon,DESKTOP-8LN1BLF,Audit Success
4798,2026-04-24 08:13:59,Audit Success,,Security,Info,User Account Management,DESKTOP-8LN1BLF,Audit Success
4672,2026-04-24 08:13:49,Audit Success,,Security,Info,Special Logon,DESKTOP-8LN1BLF,Audit Success
4624,2026-04-24 08:13:49,Audit Success,,Security,Info,Logon,DESKTOP-8LN1BLF,Audit Success
4798,2026-04-24 08:12:56,Audit Success,,Security,Info,User Account Management,DESKTOP-8LN1BLF,Audit Success
4798,2026-04-24 08:12:50,Audit Success,,Security,Info,User Account Management,DESKTOP-8LN1BLF,Audit Success
4798,2026-04-24 08:11:50,Audit Success,,Security,Info,User Account Management,DESKTOP-8LN1BLF,Audit Success
4634,2026-04-24 08:11:31,Audit Success,,Security,Info,Logoff,DESKTOP-8LN1BLF,Audit Success
4672,2026-04-24 08:11:31,Audit Success,,Security,Info,Special Logon,DESKTOP-8LN1BLF,Audit Success
4624,2026-04-24 08:11:31,Audit Success,,Security,Info,Logon,DESKTOP-8LN1BLF,Audit Success
4648,2026-04-24 08:11:31,Audit Success,,Security,Info,Logon,DESKTOP-8LN1BLF,Audit Success
4798,2026-04-24 08:11:31,Audit Success,,Security,Info,User Account Management,DESKTOP-8LN1BLF,Audit Success
4798,2026-04-24 08:11:20,Audit Success,,Security,Info,User Account Management,DESKTOP-8LN1BLF,Audit Success
4798,2026-04-24 08:11:19,Audit Success,,Security,Info,User Account Management,DESKTOP-8LN1BLF,Audit Success
4672,2026-04-24 08:11:18,Audit Success,,Security,Info,Special Logon,DESKTOP-8LN1BLF,Audit Success
4624,2026-04-24 08:11:18,Audit Success,,Security,Info,Logon,DESKTOP-8LN1BLF,Audit Success
4798,2026-04-24 08:11:07,Audit Success,,Security,Info,User Account Management,DESKTOP-8LN1BLF,Audit Success
4798,2026-04-24 08:10:56,Audit Success,,Security,Info,User Account Management,DESKTOP-8LN1BLF,Audit Success
4798,2026-04-24 08:10:03,Audit Success,,Security,Info,User Account Management,DESKTOP-8LN1BLF,Audit Success
4798,2026-04-24 08:09:42,Audit Success,,Security,Info,User Account Management,DESKTOP-8LN1BLF,Audit Success
4798,2026-04-24 08:09:21,Audit Success,,Security,Info,User Account Management,DESKTOP-8LN1BLF,Audit Success
4798,2026-04-24 08:08:56,Audit Success,,Security,Info,User Account Management,DESKTOP-8LN1BLF,Audit Success
4798,2026-04-24 08:08:40,Audit Success,,Security,Info,User Account Management,DESKTOP-8LN1BLF,Audit Success
4798,2026-04-24 08:08:07,Audit Success,,Security,Info,User Account Management,DESKTOP-8LN1BLF,Audit Success
5379,2026-04-24 08:07:02,Audit Success,,Security,Info,User Account Management,DESKTOP-8LN1BLF,Audit Success
5379,2026-04-24 08:07:01,Audit Success,,Security,Info,User Account Management,DESKTOP-8LN1BLF,Audit Success
5379,2026-04-24 08:07:00,Audit Success,,Security,Info,User Account Management,DESKTOP-8LN1BLF,Audit Success
5379,2026-04-24 08:06:57,Audit Success,,Security,Info,User Account Management,DESKTOP-8LN1BLF,Audit Success
4672,2026-04-24 08:06:57,Audit Success,,Security,Info,Special Logon,DESKTOP-8LN1BLF,Audit Success
4624,2026-04-24 08:06:57,Audit Success,,Security,Info,Logon,DESKTOP-8LN1BLF,Audit Success
5379,2026-04-24 08:06:56,Audit Success,,Security,Info,User Account Management,DESKTOP-8LN1BLF,Audit Success
4798,2026-04-24 08:06:56,Audit Success,,Security,Info,User Account Management,DESKTOP-8LN1BLF,Audit Success
4798,2026-04-24 08:06:28,Audit Success,,Security,Info,User Account Management,DESKTOP-8LN1BLF,Audit Success
4798,2026-04-24 08:06:07,Audit Success,,Security,Info,User Account Management,DESKTOP-8LN1BLF,Audit Success
4798,2026-04-24 08:05:46,Audit Success,,Security,Info,User Account Management,DESKTOP-8LN1BLF,Audit Success
4798,2026-04-24 08:04:56,Audit Success,,Security,Info,User Account Management,DESKTOP-8LN1BLF,Audit Success
4798,2026-04-24 08:04:14,Audit Success,,Security,Info,User Account Management,DESKTOP-8LN1BLF,Audit Success
4798,2026-04-24 08:03:27,Audit Success,,Security,Info,User Account Management,DESKTOP-8LN1BLF,Audit Success
4798,2026-04-24 08:03:17,Audit Success,,Security,Info,User Account Management,DESKTOP-8LN1BLF,Audit Success
4798,2026-04-24 08:02:56,Audit Success,,Security,Info,User Account Management,DESKTOP-8LN1BLF,Audit Success
4672,2026-04-24 08:02:54,Audit Success,,Security,Info,Special Logon,DESKTOP-8LN1BLF,Audit Success
4624,2026-04-24 08:02:54,Audit Success,,Security,Info,Logon,DESKTOP-8LN1BLF,Audit Success
4798,2026-04-24 08:02:16,Audit Success,,Security,Info,User Account Management,DESKTOP-8LN1BLF,Audit Success
4798,2026-04-24 08:02:15,Audit Success,,Security,Info,User Account Management,DESKTOP-8LN1BLF,Audit Success
4798,2026-04-24 08:01:59,Audit Success,,Security,Info,User Account Management,DESKTOP-8LN1BLF,Audit Success
5379,2026-04-24 08:01:17,Audit Success,,Security,Info,User Account Management,DESKTOP-8LN1BLF,Audit Success
5379,2026-04-24 08:01:15,Audit Success,,Security,Info,User Account Management,DESKTOP-8LN1BLF,Audit Success
5379,2026-04-24 08:01:14,Audit Success,,Security,Info,User Account Management,DESKTOP-8LN1BLF,Audit Success
5379,2026-04-24 08:01:12,Audit Success,,Security,Info,User Account Management,DESKTOP-8LN1BLF,Audit Success
5379,2026-04-24 08:01:11,Audit Success,,Security,Info,User Account Management,DESKTOP-8LN1BLF,Audit Success
4672,2026-04-24 08:01:11,Audit Success,,Security,Info,Special Logon,DESKTOP-8LN1BLF,Audit Success
4624,2026-04-24 08:01:11,Audit Success,,Security,Info,Logon,DESKTOP-8LN1BLF,Audit Success
4798,2026-04-24 08:00:56,Audit Success,,Security,Info,User Account Management,DESKTOP-8LN1BLF,Audit Success
4798,2026-04-24 08:00:25,Audit Success,,Security,Info,User Account Management,DESKTOP-8LN1BLF,Audit Success
4798,2026-04-24 08:00:04,Audit Success,,Security,Info,User Account Management,DESKTOP-8LN1BLF,Audit Success
4798,2026-04-24 07:58:56,Audit Success,,Security,Info,User Account Management,DESKTOP-8LN1BLF,Audit Success
4798,2026-04-24 07:57:39,Audit Success,,Security,Info,User Account Management,DESKTOP-8LN1BLF,Audit Success
4798,2026-04-24 07:57:18,Audit Success,,Security,Info,User Account Management,DESKTOP-8LN1BLF,Audit Success
4798,2026-04-24 07:56:55,Audit Success,,Security,Info,User Account Management,DESKTOP-8LN1BLF,Audit Success
5379,2026-04-24 07:55:02,Audit Success,,Security,Info,User Account Management,DESKTOP-8LN1BLF,Audit Success
4798,2026-04-24 07:54:55,Audit Success,,Security,Info,User Account Management,DESKTOP-8LN1BLF,Audit Success
4798,2026-04-24 07:54:12,Audit Success,,Security,Info,User Account Management,DESKTOP-8LN1BLF,Audit Success
4798,2026-04-24 07:53:30,Audit Success,,Security,Info,User Account Management,DESKTOP-8LN1BLF,Audit Success
4798,2026-04-24 07:52:55,Audit Success,,Security,Info,User Account Management,DESKTOP-8LN1BLF,Audit Success
4798,2026-04-24 07:52:22,Audit Success,,Security,Info,User Account Management,DESKTOP-8LN1BLF,Audit Success
5379,2026-04-24 07:51:05,Audit Success,,Security,Info,User Account Management,DESKTOP-8LN1BLF,Audit Success
4798,2026-04-24 07:50:55,Audit Success,,Security,Info,User Account Management,DESKTOP-8LN1BLF,Audit Success
4798,2026-04-24 07:50:46,Audit Success,,Security,Info,User Account Management,DESKTOP-8LN1BLF,Audit Success
4798,2026-04-24 07:50:25,Audit Success,,Security,Info,User Account Management,DESKTOP-8LN1BLF,Audit Success
4798,2026-04-24 07:50:04,Audit Success,,Security,Info,User Account Management,DESKTOP-8LN1BLF,Audit Success
4798,2026-04-24 07:49:43,Audit Success,,Security,Info,User Account Management,DESKTOP-8LN1BLF,Audit Success
5379,2026-04-24 07:49:19,Audit Success,,Security,Info,User Account Management,DESKTOP-8LN1BLF,Audit Success
5379,2026-04-24 07:49:17,Audit Success,,Security,Info,User Account Management,DESKTOP-8LN1BLF,Audit Success
5379,2026-04-24 07:49:14,Audit Success,,Security,Info,User Account Management,DESKTOP-8LN1BLF,Audit Success
4798,2026-04-24 07:48:55,Audit Success,,Security,Info,User Account Management,DESKTOP-8LN1BLF,Audit Success
5379,2026-04-24 07:48:09,Audit Success,,Security,Info,User Account Management,DESKTOP-8LN1BLF,Audit Success
4798,2026-04-24 07:48:05,Audit Success,,Security,Info,User Account Management,DESKTOP-8LN1BLF,Audit Success
4672,2026-04-24 07:47:54,Audit Success,,Security,Info,Special Logon,DESKTOP-8LN1BLF,Audit Success
4624,2026-04-24 07:47:54,Audit Success,,Security,Info,Logon,DESKTOP-8LN1BLF,Audit Success
4798,2026-04-24 07:47:43,Audit Success,,Security,Info,User Account Management,DESKTOP-8LN1BLF,Audit Success
4798,2026-04-24 07:47:42,Audit Success,,Security,Info,User Account Management,DESKTOP-8LN1BLF,Audit Success
4634,2026-04-24 07:47:35,Audit Success,,Security,Info,Logoff,DESKTOP-8LN1BLF,Audit Success
4672,2026-04-24 07:47:35,Audit Success,,Security,Info,Special Logon,DESKTOP-8LN1BLF,Audit Success
4624,2026-04-24 07:47:35,Audit Success,,Security,Info,Logon,DESKTOP-8LN1BLF,Audit Success
4648,2026-04-24 07:47:35,Audit Success,,Security,Info,Logon,DESKTOP-8LN1BLF,Audit Success
4798,2026-04-24 07:47:35,Audit Success,,Security,Info,User Account Management,DESKTOP-8LN1BLF,Audit Success
4798,2026-04-24 07:47:14,Audit Success,,Security,Info,User Account Management,DESKTOP-8LN1BLF,Audit Success
4672,2026-04-24 07:47:13,Audit Success,,Security,Info,Special Logon,DESKTOP-8LN1BLF,Audit Success
4624,2026-04-24 07:47:13,Audit Success,,Security,Info,Logon,DESKTOP-8LN1BLF,Audit Success
4672,2026-04-24 07:47:10,Audit Success,,Security,Info,Special Logon,DESKTOP-8LN1BLF,Audit Success
4624,2026-04-24 07:47:10,Audit Success,,Security,Info,Logon,DESKTOP-8LN1BLF,Audit Success
4798,2026-04-24 07:47:10,Audit Success,,Security,Info,User Account Management,DESKTOP-8LN1BLF,Audit Success
4798,2026-04-24 07:46:55,Audit Success,,Security,Info,User Account Management,DESKTOP-8LN1BLF,Audit Success
4798,2026-04-24 07:46:22,Audit Success,,Security,Info,User Account Management,DESKTOP-8LN1BLF,Audit Success
4798,2026-04-24 07:46:04,Audit Success,,Security,Info,User Account Management,DESKTOP-8LN1BLF,Audit Success
4672,2026-04-24 07:46:03,Audit Success,,Security,Info,Special Logon,DESKTOP-8LN1BLF,Audit Success
4624,2026-04-24 07:46:03,Audit Success,,Security,Info,Logon,DESKTOP-8LN1BLF,Audit Success
4798,2026-04-24 07:45:52,Audit Success,,Security,Info,User Account Management,DESKTOP-8LN1BLF,Audit Success
4798,2026-04-24 07:44:55,Audit Success,,Security,Info,User Account Management,DESKTOP-8LN1BLF,Audit Success
4799,2026-04-24 07:44:30,Audit Success,,Security,Info,A security-enabled local group membership was enumerated.,DESKTOP-8LN1BLF,Audit Success
4672,2026-04-24 07:44:25,Audit Success,,Security,Info,Special Logon,DESKTOP-8LN1BLF,Audit Success
4624,2026-04-24 07:44:25,Audit Success,,Security,Info,Logon,DESKTOP-8LN1BLF,Audit Success
4798,2026-04-24 07:43:58,Audit Success,,Security,Info,User Account Management,DESKTOP-8LN1BLF,Audit Success
4798,2026-04-24 07:43:37,Audit Success,,Security,Info,User Account Management,DESKTOP-8LN1BLF,Audit Success
4798,2026-04-24 07:43:16,Audit Success,,Security,Info,User Account Management,DESKTOP-8LN1BLF,Audit Success
4798,2026-04-24 07:42:55,Audit Success,,Security,Info,User Account Management,DESKTOP-8LN1BLF,Audit Success
4798,2026-04-24 07:42:54,Audit Success,,Security,Info,User Account Management,DESKTOP-8LN1BLF,Audit Success
4798,2026-04-24 07:42:33,Audit Success,,Security,Info,User Account Management,DESKTOP-8LN1BLF,Audit Success
4798,2026-04-24 07:42:05,Audit Success,,Security,Info,User Account Management,DESKTOP-8LN1BLF,Audit Success
5379,2026-04-24 07:41:12,Audit Success,,Security,Info,User Account Management,DESKTOP-8LN1BLF,Audit Success
5379,2026-04-24 07:41:11,Audit Success,,Security,Info,User Account Management,DESKTOP-8LN1BLF,Audit Success
4798,2026-04-24 07:40:55,Audit Success,,Security,Info,User Account Management,DESKTOP-8LN1BLF,Audit Success
4798,2026-04-24 07:40:49,Audit Success,,Security,Info,User Account Management,DESKTOP-8LN1BLF,Audit Success
4798,2026-04-24 07:40:28,Audit Success,,Security,Info,User Account Management,DESKTOP-8LN1BLF,Audit Success
4798,2026-04-24 07:39:58,Audit Success,,Security,Info,User Account Management,DESKTOP-8LN1BLF,Audit Success
4798,2026-04-24 07:38:55,Audit Success,,Security,Info,User Account Management,DESKTOP-8LN1BLF,Audit Success
4798,2026-04-24 07:38:22,Audit Success,,Security,Info,User Account Management,DESKTOP-8LN1BLF,Audit Success
4798,2026-04-24 07:38:16,Audit Success,,Security,Info,User Account Management,DESKTOP-8LN1BLF,Audit Success
4798,2026-04-24 07:37:55,Audit Success,,Security,Info,User Account Management,DESKTOP-8LN1BLF,Audit Success
4798,2026-04-24 07:37:33,Audit Success,,Security,Info,User Account Management,DESKTOP-8LN1BLF,Audit Success
4672,2026-04-24 07:36:55,Audit Success,,Security,Info,Special Logon,DESKTOP-8LN1BLF,Audit Success
4624,2026-04-24 07:36:55,Audit Success,,Security,Info,Logon,DESKTOP-8LN1BLF,Audit Success
4798,2026-04-24 07:36:55,Audit Success,,Security,Info,User Account Management,DESKTOP-8LN1BLF,Audit Success
4798,2026-04-24 07:36:37,Audit Success,,Security,Info,User Account Management,DESKTOP-8LN1BLF,Audit Success
4798,2026-04-24 07:36:16,Audit Success,,Security,Info,User Account Management,DESKTOP-8LN1BLF,Audit Success
4798,2026-04-24 07:35:54,Audit Success,,Security,Info,User Account Management,DESKTOP-8LN1BLF,Audit Success
4798,2026-04-24 07:34:55,Audit Success,,Security,Info,User Account Management,DESKTOP-8LN1BLF,Audit Success
4798,2026-04-24 07:34:29,Audit Success,,Security,Info,User Account Management,DESKTOP-8LN1BLF,Audit Success
4798,2026-04-24 07:34:07,Audit Success,,Security,Info,User Account Management,DESKTOP-8LN1BLF,Audit Success
4798,2026-04-24 07:33:52,Audit Success,,Security,Info,User Account Management,DESKTOP-8LN1BLF,Audit Success
4798,2026-04-24 07:32:54,Audit Success,,Security,Info,User Account Management,DESKTOP-8LN1BLF,Audit Success
4672,2026-04-24 07:32:54,Audit Success,,Security,Info,Special Logon,DESKTOP-8LN1BLF,Audit Success
4624,2026-04-24 07:32:54,Audit Success,,Security,Info,Logon,DESKTOP-8LN1BLF,Audit Success
4798,2026-04-24 07:31:40,Audit Success,,Security,Info,User Account Management,DESKTOP-8LN1BLF,Audit Success
4798,2026-04-24 07:31:19,Audit Success,,Security,Info,User Account Management,DESKTOP-8LN1BLF,Audit Success
4798,2026-04-24 07:30:55,Audit Success,,Security,Info,User Account Management,DESKTOP-8LN1BLF,Audit Success
4798,2026-04-24 07:30:54,Audit Success,,Security,Info,User Account Management,DESKTOP-8LN1BLF,Audit Success
4798,2026-04-24 07:30:48,Audit Success,,Security,Info,User Account Management,DESKTOP-8LN1BLF,Audit Success
4798,2026-04-24 07:30:01,Audit Success,,Security,Info,User Account Management,DESKTOP-8LN1BLF,Audit Success
4798,2026-04-24 07:28:54,Audit Success,,Security,Info,User Account Management,DESKTOP-8LN1BLF,Audit Success
4798,2026-04-24 07:28:44,Audit Success,,Security,Info,User Account Management,DESKTOP-8LN1BLF,Audit Success
4798,2026-04-24 07:28:23,Audit Success,,Security,Info,User Account Management,DESKTOP-8LN1BLF,Audit Success
4798,2026-04-24 07:27:50,Audit Success,,Security,Info,User Account Management,DESKTOP-8LN1BLF,Audit Success
4798,2026-04-24 07:26:54,Audit Success,,Security,Info,User Account Management,DESKTOP-8LN1BLF,Audit Success
4798,2026-04-24 07:26:35,Audit Success,,Security,Info,User Account Management,DESKTOP-8LN1BLF,Audit Success
4798,2026-04-24 07:26:14,Audit Success,,Security,Info,User Account Management,DESKTOP-8LN1BLF,Audit Success
4634,2026-04-24 07:26:04,Audit Success,,Security,Info,Logoff,DESKTOP-8LN1BLF,Audit Success
4672,2026-04-24 07:26:04,Audit Success,,Security,Info,Special Logon,DESKTOP-8LN1BLF,Audit Success
4624,2026-04-24 07:26:04,Audit Success,,Security,Info,Logon,DESKTOP-8LN1BLF,Audit Success
4648,2026-04-24 07:26:04,Audit Success,,Security,Info,Logon,DESKTOP-8LN1BLF,Audit Success
4798,2026-04-24 07:26:03,Audit Success,,Security,Info,User Account Management,DESKTOP-8LN1BLF,Audit Success
4798,2026-04-24 07:25:43,Audit Success,,Security,Info,User Account Management,DESKTOP-8LN1BLF,Audit Success
4672,2026-04-24 07:25:42,Audit Success,,Security,Info,Special Logon,DESKTOP-8LN1BLF,Audit Success
4624,2026-04-24 07:25:42,Audit Success,,Security,Info,Logon,DESKTOP-8LN1BLF,Audit Success
4798,2026-04-24 07:25:33,Audit Success,,Security,Info,User Account Management,DESKTOP-8LN1BLF,Audit Success
4798,2026-04-24 07:24:54,Audit Success,,Security,Info,User Account Management,DESKTOP-8LN1BLF,Audit Success
4798,2026-04-24 07:24:31,Audit Success,,Security,Info,User Account Management,DESKTOP-8LN1BLF,Audit Success
4798,2026-04-24 07:22:54,Audit Success,,Security,Info,User Account Management,DESKTOP-8LN1BLF,Audit Success
4798,2026-04-24 07:22:45,Audit Success,,Security,Info,User Account Management,DESKTOP-8LN1BLF,Audit Success
5379,2026-04-24 07:22:40,Audit Success,,Security,Info,User Account Management,DESKTOP-8LN1BLF,Audit Success
4798,2026-04-24 07:22:23,Audit Success,,Security,Info,User Account Management,DESKTOP-8LN1BLF,Audit Success
4672,2026-04-24 07:22:19,Audit Success,,Security,Info,Special Logon,DESKTOP-8LN1BLF,Audit Success
4624,2026-04-24 07:22:19,Audit Success,,Security,Info,Logon,DESKTOP-8LN1BLF,Audit Success
5379,2026-04-24 07:22:14,Audit Success,,Security,Info,User Account Management,DESKTOP-8LN1BLF,Audit Success
4798,2026-04-24 07:22:02,Audit Success,,Security,Info,User Account Management,DESKTOP-8LN1BLF,Audit Success
4798,2026-04-24 07:21:38,Audit Success,,Security,Info,User Account Management,DESKTOP-8LN1BLF,Audit Success
4798,2026-04-24 07:20:54,Audit Success,,Security,Info,User Account Management,DESKTOP-8LN1BLF,Audit Success
4798,2026-04-24 07:19:53,Audit Success,,Security,Info,User Account Management,DESKTOP-8LN1BLF,Audit Success
4798,2026-04-24 07:19:32,Audit Success,,Security,Info,User Account Management,DESKTOP-8LN1BLF,Audit Success
4799,2026-04-24 07:19:15,Audit Success,,Security,Info,A security-enabled local group membership was enumerated.,DESKTOP-8LN1BLF,Audit Success
4672,2026-04-24 07:19:10,Audit Success,,Security,Info,Special Logon,DESKTOP-8LN1BLF,Audit Success
4624,2026-04-24 07:19:10,Audit Success,,Security,Info,Logon,DESKTOP-8LN1BLF,Audit Success
4798,2026-04-24 07:19:05,Audit Success,,Security,Info,User Account Management,DESKTOP-8LN1BLF,Audit Success
4798,2026-04-24 07:18:54,Audit Success,,Security,Info,User Account Management,DESKTOP-8LN1BLF,Audit Success
4798,2026-04-24 07:18:40,Audit Success,,Security,Info,User Account Management,DESKTOP-8LN1BLF,Audit Success
4672,2026-04-24 07:17:54,Audit Success,,Security,Info,Special Logon,DESKTOP-8LN1BLF,Audit Success
4624,2026-04-24 07:17:54,Audit Success,,Security,Info,Logon,DESKTOP-8LN1BLF,Audit Success
4798,2026-04-24 07:16:54,Audit Success,,Security,Info,User Account Management,DESKTOP-8LN1BLF,Audit Success
4798,2026-04-24 07:16:05,Audit Success,,Security,Info,User Account Management,DESKTOP-8LN1BLF,Audit Success
4798,2026-04-24 07:15:44,Audit Success,,Security,Info,User Account Management,DESKTOP-8LN1BLF,Audit Success
4798,2026-04-24 07:15:23,Audit Success,,Security,Info,User Account Management,DESKTOP-8LN1BLF,Audit Success
4798,2026-04-24 07:14:54,Audit Success,,Security,Info,User Account Management,DESKTOP-8LN1BLF,Audit Success
4798,2026-04-24 07:13:15,Audit Success,,Security,Info,User Account Management,DESKTOP-8LN1BLF,Audit Success
4798,2026-04-24 07:12:54,Audit Success,,Security,Info,User Account Management,DESKTOP-8LN1BLF,Audit Success
4798,2026-04-24 07:12:51,Audit Success,,Security,Info,User Account Management,DESKTOP-8LN1BLF,Audit Success
4798,2026-04-24 07:12:30,Audit Success,,Security,Info,User Account Management,DESKTOP-8LN1BLF,Audit Success
4798,2026-04-24 07:11:46,Audit Success,,Security,Info,User Account Management,DESKTOP-8LN1BLF,Audit Success
4798,2026-04-24 07:10:54,Audit Success,,Security,Info,User Account Management,DESKTOP-8LN1BLF,Audit Success
4798,2026-04-24 07:10:45,Audit Success,,Security,Info,User Account Management,DESKTOP-8LN1BLF,Audit Success
4798,2026-04-24 07:10:24,Audit Success,,Security,Info,User Account Management,DESKTOP-8LN1BLF,Audit Success
4798,2026-04-24 07:10:03,Audit Success,,Security,Info,User Account Management,DESKTOP-8LN1BLF,Audit Success
4798,2026-04-24 07:09:42,Audit Success,,Security,Info,User Account Management,DESKTOP-8LN1BLF,Audit Success
4798,2026-04-24 07:09:19,Audit Success,,Security,Info,User Account Management,DESKTOP-8LN1BLF,Audit Success
4798,2026-04-24 07:08:54,Audit Success,,Security,Info,User Account Management,DESKTOP-8LN1BLF,Audit Success
5379,2026-04-24 07:08:46,Audit Success,,Security,Info,User Account Management,DESKTOP-8LN1BLF,Audit Success
5379,2026-04-24 07:08:45,Audit Success,,Security,Info,User Account Management,DESKTOP-8LN1BLF,Audit Success
5379,2026-04-24 07:08:41,Audit Success,,Security,Info,User Account Management,DESKTOP-8LN1BLF,Audit Success
4672,2026-04-24 07:08:41,Audit Success,,Security,Info,Special Logon,DESKTOP-8LN1BLF,Audit Success
4624,2026-04-24 07:08:41,Audit Success,,Security,Info,Logon,DESKTOP-8LN1BLF,Audit Success
5379,2026-04-24 07:08:40,Audit Success,,Security,Info,User Account Management,DESKTOP-8LN1BLF,Audit Success
5379,2026-04-24 07:08:29,Audit Success,,Security,Info,User Account Management,DESKTOP-8LN1BLF,Audit Success
5379,2026-04-24 07:08:28,Audit Success,,Security,Info,User Account Management,DESKTOP-8LN1BLF,Audit Success
4798,2026-04-24 07:08:00,Audit Success,,Security,Info,User Account Management,DESKTOP-8LN1BLF,Audit Success
4798,2026-04-24 07:07:39,Audit Success,,Security,Info,User Account Management,DESKTOP-8LN1BLF,Audit Success
4798,2026-04-24 07:07:18,Audit Success,,Security,Info,User Account Management,DESKTOP-8LN1BLF,Audit Success
4798,2026-04-24 07:06:54,Audit Success,,Security,Info,User Account Management,DESKTOP-8LN1BLF,Audit Success
4798,2026-04-24 07:06:53,Audit Success,,Security,Info,User Account Management,DESKTOP-8LN1BLF,Audit Success
4798,2026-04-24 07:05:37,Audit Success,,Security,Info,User Account Management,DESKTOP-8LN1BLF,Audit Success
4798,2026-04-24 07:05:15,Audit Success,,Security,Info,User Account Management,DESKTOP-8LN1BLF,Audit Success
4798,2026-04-24 07:04:54,Audit Success,,Security,Info,User Account Management,DESKTOP-8LN1BLF,Audit Success
4798,2026-04-24 07:04:35,Audit Success,,Security,Info,User Account Management,DESKTOP-8LN1BLF,Audit Success
4798,2026-04-24 07:04:03,Audit Success,,Security,Info,User Account Management,DESKTOP-8LN1BLF,Audit Success
4798,2026-04-24 07:03:24,Audit Success,,Security,Info,User Account Management,DESKTOP-8LN1BLF,Audit Success
4798,2026-04-24 07:03:23,Audit Success,,Security,Info,User Account Management,DESKTOP-8LN1BLF,Audit Success
4672,2026-04-24 07:03:02,Audit Success,,Security,Info,Special Logon,DESKTOP-8LN1BLF,Audit Success
4624,2026-04-24 07:03:02,Audit Success,,Security,Info,Logon,DESKTOP-8LN1BLF,Audit Success
4634,2026-04-24 07:03:01,Audit Success,,Security,Info,Logoff,DESKTOP-8LN1BLF,Audit Success
4672,2026-04-24 07:03:01,Audit Success,,Security,Info,Special Logon,DESKTOP-8LN1BLF,Audit Success
4624,2026-04-24 07:03:01,Audit Success,,Security,Info,Logon,DESKTOP-8LN1BLF,Audit Success
4648,2026-04-24 07:03:01,Audit Success,,Security,Info,Logon,DESKTOP-8LN1BLF,Audit Success
4798,2026-04-24 07:03:01,Audit Success,,Security,Info,User Account Management,DESKTOP-8LN1BLF,Audit Success
4798,2026-04-24 07:02:54,Audit Success,,Security,Info,User Account Management,DESKTOP-8LN1BLF,Audit Success
4798,2026-04-24 07:02:53,Audit Success,,Security,Info,User Account Management,DESKTOP-8LN1BLF,Audit Success
4672,2026-04-24 07:02:53,Audit Success,,Security,Info,Special Logon,DESKTOP-8LN1BLF,Audit Success
4624,2026-04-24 07:02:53,Audit Success,,Security,Info,Logon,DESKTOP-8LN1BLF,Audit Success
4798,2026-04-24 06:59:21,Audit Success,,Security,Info,User Account Management,DESKTOP-8LN1BLF,Audit Success
4798,2026-04-24 06:58:38,Audit Success,,Security,Info,User Account Management,DESKTOP-8LN1BLF,Audit Success
4798,2026-04-24 06:58:06,Audit Success,,Security,Info,User Account Management,DESKTOP-8LN1BLF,Audit Success
4672,2026-04-24 06:57:44,Audit Success,,Security,Info,Special Logon,DESKTOP-8LN1BLF,Audit Success
4624,2026-04-24 06:57:44,Audit Success,,Security,Info,Logon,DESKTOP-8LN1BLF,Audit Success
4798,2026-04-24 06:57:20,Audit Success,,Security,Info,User Account Management,DESKTOP-8LN1BLF,Audit Success
4798,2026-04-24 06:56:59,Audit Success,,Security,Info,User Account Management,DESKTOP-8LN1BLF,Audit Success
4798,2026-04-24 06:56:38,Audit Success,,Security,Info,User Account Management,DESKTOP-8LN1BLF,Audit Success
4798,2026-04-24 06:56:06,Audit Success,,Security,Info,User Account Management,DESKTOP-8LN1BLF,Audit Success
4798,2026-04-24 06:55:52,Audit Success,,Security,Info,User Account Management,DESKTOP-8LN1BLF,Audit Success
4799,2026-04-24 06:55:30,Audit Success,,Security,Info,A security-enabled local group membership was enumerated.,DESKTOP-8LN1BLF,Audit Success
4672,2026-04-24 06:55:25,Audit Success,,Security,Info,Special Logon,DESKTOP-8LN1BLF,Audit Success
4624,2026-04-24 06:55:25,Audit Success,,Security,Info,Logon,DESKTOP-8LN1BLF,Audit Success
4798,2026-04-24 06:54:38,Audit Success,,Security,Info,User Account Management,DESKTOP-8LN1BLF,Audit Success
4798,2026-04-24 06:54:06,Audit Success,,Security,Info,User Account Management,DESKTOP-8LN1BLF,Audit Success
4798,2026-04-24 06:52:37,Audit Success,,Security,Info,User Account Management,DESKTOP-8LN1BLF,Audit Success
4798,2026-04-24 06:52:06,Audit Success,,Security,Info,User Account Management,DESKTOP-8LN1BLF,Audit Success
4798,2026-04-24 06:51:20,Audit Success,,Security,Info,User Account Management,DESKTOP-8LN1BLF,Audit Success
4798,2026-04-24 06:50:59,Audit Success,,Security,Info,User Account Management,DESKTOP-8LN1BLF,Audit Success
4798,2026-04-24 06:50:37,Audit Success,,Security,Info,User Account Management,DESKTOP-8LN1BLF,Audit Success
4798,2026-04-24 06:50:27,Audit Success,,Security,Info,User Account Management,DESKTOP-8LN1BLF,Audit Success
4672,2026-04-24 06:50:22,Audit Success,,Security,Info,Special Logon,DESKTOP-8LN1BLF,Audit Success
4624,2026-04-24 06:50:22,Audit Success,,Security,Info,Logon,DESKTOP-8LN1BLF,Audit Success
4672,2026-04-24 06:50:21,Audit Success,,Security,Info,Special Logon,DESKTOP-8LN1BLF,Audit Success
4624,2026-04-24 06:50:21,Audit Success,,Security,Info,Logon,DESKTOP-8LN1BLF,Audit Success
4672,2026-04-24 06:50:07,Audit Success,,Security,Info,Special Logon,DESKTOP-8LN1BLF,Audit Success
4624,2026-04-24 06:50:07,Audit Success,,Security,Info,Logon,DESKTOP-8LN1BLF,Audit Success
4798,2026-04-24 06:50:06,Audit Success,,Security,Info,User Account Management,DESKTOP-8LN1BLF,Audit Success
4672,2026-04-24 06:50:05,Audit Success,,Security,Info,Special Logon,DESKTOP-8LN1BLF,Audit Success
4624,2026-04-24 06:50:05,Audit Success,,Security,Info,Logon,DESKTOP-8LN1BLF,Audit Success
4672,2026-04-24 06:50:02,Audit Success,,Security,Info,Special Logon,DESKTOP-8LN1BLF,Audit Success
4624,2026-04-24 06:50:02,Audit Success,,Security,Info,Logon,DESKTOP-8LN1BLF,Audit Success
4798,2026-04-24 06:50:01,Audit Success,,Security,Info,User Account Management,DESKTOP-8LN1BLF,Audit Success
4798,2026-04-24 06:49:24,Audit Success,,Security,Info,User Account Management,DESKTOP-8LN1BLF,Audit Success
4798,2026-04-24 06:48:54,Audit Success,,Security,Info,User Account Management,DESKTOP-8LN1BLF,Audit Success
4672,2026-04-24 06:48:53,Audit Success,,Security,Info,Special Logon,DESKTOP-8LN1BLF,Audit Success
4624,2026-04-24 06:48:53,Audit Success,,Security,Info,Logon,DESKTOP-8LN1BLF,Audit Success
4798,2026-04-24 06:48:42,Audit Success,,Security,Info,User Account Management,DESKTOP-8LN1BLF,Audit Success
4798,2026-04-24 06:48:37,Audit Success,,Security,Info,User Account Management,DESKTOP-8LN1BLF,Audit Success
4798,2026-04-24 06:48:06,Audit Success,,Security,Info,User Account Management,DESKTOP-8LN1BLF,Audit Success
4798,2026-04-24 06:47:20,Audit Success,,Security,Info,User Account Management,DESKTOP-8LN1BLF,Audit Success
4798,2026-04-24 06:46:58,Audit Success,,Security,Info,User Account Management,DESKTOP-8LN1BLF,Audit Success
4798,2026-04-24 06:46:37,Audit Success,,Security,Info,User Account Management,DESKTOP-8LN1BLF,Audit Success
4798,2026-04-24 06:46:27,Audit Success,,Security,Info,User Account Management,DESKTOP-8LN1BLF,Audit Success
4798,2026-04-24 06:46:06,Audit Success,,Security,Info,User Account Management,DESKTOP-8LN1BLF,Audit Success
4798,2026-04-24 06:45:58,Audit Success,,Security,Info,User Account Management,DESKTOP-8LN1BLF,Audit Success
4798,2026-04-24 06:45:36,Audit Success,,Security,Info,User Account Management,DESKTOP-8LN1BLF,Audit Success
4798,2026-04-24 06:44:58,Audit Success,,Security,Info,User Account Management,DESKTOP-8LN1BLF,Audit Success
4798,2026-04-24 06:44:37,Audit Success,,Security,Info,User Account Management,DESKTOP-8LN1BLF,Audit Success
4798,2026-04-24 06:44:27,Audit Success,,Security,Info,User Account Management,DESKTOP-8LN1BLF,Audit Success
4798,2026-04-24 06:44:06,Audit Success,,Security,Info,User Account Management,DESKTOP-8LN1BLF,Audit Success
4798,2026-04-24 06:43:32,Audit Success,,Security,Info,User Account Management,DESKTOP-8LN1BLF,Audit Success
4798,2026-04-24 06:42:37,Audit Success,,Security,Info,User Account Management,DESKTOP-8LN1BLF,Audit Success
4798,2026-04-24 06:42:06,Audit Success,,Security,Info,User Account Management,DESKTOP-8LN1BLF,Audit Success
4798,2026-04-24 06:42:02,Audit Success,,Security,Info,User Account Management,DESKTOP-8LN1BLF,Audit Success
4798,2026-04-24 06:41:41,Audit Success,,Security,Info,User Account Management,DESKTOP-8LN1BLF,Audit Success
4798,2026-04-24 06:41:20,Audit Success,,Security,Info,User Account Management,DESKTOP-8LN1BLF,Audit Success
5379,2026-04-24 06:41:18,Audit Success,,Security,Info,User Account Management,DESKTOP-8LN1BLF,Audit Success
4797,2026-04-24 06:41:15,Audit Success,,Security,Info,User Account Management,DESKTOP-8LN1BLF,Audit Success
5379,2026-04-24 06:40:48,Audit Success,,Security,Info,User Account Management,DESKTOP-8LN1BLF,Audit Success
4798,2026-04-24 06:40:37,Audit Success,,Security,Info,User Account Management,DESKTOP-8LN1BLF,Audit Success
4798,2026-04-24 06:40:27,Audit Success,,Security,Info,User Account Management,DESKTOP-8LN1BLF,Audit Success
4798,2026-04-24 06:40:06,Audit Success,,Security,Info,User Account Management,DESKTOP-8LN1BLF,Audit Success
4798,2026-04-24 06:39:48,Audit Success,,Security,Info,User Account Management,DESKTOP-8LN1BLF,Audit Success
5379,2026-04-24 06:39:36,Audit Success,,Security,Info,User Account Management,DESKTOP-8LN1BLF,Audit Success
5379,2026-04-24 06:39:35,Audit Success,,Security,Info,User Account Management,DESKTOP-8LN1BLF,Audit Success
4798,2026-04-24 06:39:23,Audit Success,,Security,Info,User Account Management,DESKTOP-8LN1BLF,Audit Success
5379,2026-04-24 06:39:14,Audit Success,,Security,Info,User Account Management,DESKTOP-8LN1BLF,Audit Success
5379,2026-04-24 06:39:13,Audit Success,,Security,Info,User Account Management,DESKTOP-8LN1BLF,Audit Success
5379,2026-04-24 06:39:12,Audit Success,,Security,Info,User Account Management,DESKTOP-8LN1BLF,Audit Success
5379,2026-04-24 06:39:11,Audit Success,,Security,Info,User Account Management,DESKTOP-8LN1BLF,Audit Success
5379,2026-04-24 06:39:04,Audit Success,,Security,Info,User Account Management,DESKTOP-8LN1BLF,Audit Success
4798,2026-04-24 06:39:02,Audit Success,,Security,Info,User Account Management,DESKTOP-8LN1BLF,Audit Success
4798,2026-04-24 06:38:37,Audit Success,,Security,Info,User Account Management,DESKTOP-8LN1BLF,Audit Success
5379,2026-04-24 06:38:30,Audit Success,,Security,Info,User Account Management,DESKTOP-8LN1BLF,Audit Success
4798,2026-04-24 06:38:06,Audit Success,,Security,Info,User Account Management,DESKTOP-8LN1BLF,Audit Success
4798,2026-04-24 06:38:05,Audit Success,,Security,Info,User Account Management,DESKTOP-8LN1BLF,Audit Success
4798,2026-04-24 06:38:01,Audit Success,,Security,Info,User Account Management,DESKTOP-8LN1BLF,Audit Success
4798,2026-04-24 06:37:40,Audit Success,,Security,Info,User Account Management,DESKTOP-8LN1BLF,Audit Success
4798,2026-04-24 06:37:19,Audit Success,,Security,Info,User Account Management,DESKTOP-8LN1BLF,Audit Success
4798,2026-04-24 06:36:53,Audit Success,,Security,Info,User Account Management,DESKTOP-8LN1BLF,Audit Success
4798,2026-04-24 06:36:37,Audit Success,,Security,Info,User Account Management,DESKTOP-8LN1BLF,Audit Success
4798,2026-04-24 06:36:27,Audit Success,,Security,Info,User Account Management,DESKTOP-8LN1BLF,Audit Success
4798,2026-04-24 06:36:05,Audit Success,,Security,Info,User Account Management,DESKTOP-8LN1BLF,Audit Success
4798,2026-04-24 06:35:49,Audit Success,,Security,Info,User Account Management,DESKTOP-8LN1BLF,Audit Success
4798,2026-04-24 06:35:22,Audit Success,,Security,Info,User Account Management,DESKTOP-8LN1BLF,Audit Success
4798,2026-04-24 06:35:21,Audit Success,,Security,Info,User Account Management,DESKTOP-8LN1BLF,Audit Success
4798,2026-04-24 06:34:58,Audit Success,,Security,Info,User Account Management,DESKTOP-8LN1BLF,Audit Success
5379,2026-04-24 06:34:53,Audit Success,,Security,Info,User Account Management,DESKTOP-8LN1BLF,Audit Success
4798,2026-04-24 06:34:37,Audit Success,,Security,Info,User Account Management,DESKTOP-8LN1BLF,Audit Success
4798,2026-04-24 06:34:26,Audit Success,,Security,Info,User Account Management,DESKTOP-8LN1BLF,Audit Success
4798,2026-04-24 06:34:05,Audit Success,,Security,Info,User Account Management,DESKTOP-8LN1BLF,Audit Success
4798,2026-04-24 06:34:02,Audit Success,,Security,Info,User Account Management,DESKTOP-8LN1BLF,Audit Success
4798,2026-04-24 06:34:01,Audit Success,,Security,Info,User Account Management,DESKTOP-8LN1BLF,Audit Success
4798,2026-04-24 06:33:40,Audit Success,,Security,Info,User Account Management,DESKTOP-8LN1BLF,Audit Success
5379,2026-04-24 06:33:22,Audit Success,,Security,Info,User Account Management,DESKTOP-8LN1BLF,Audit Success
4798,2026-04-24 06:33:09,Audit Success,,Security,Info,User Account Management,DESKTOP-8LN1BLF,Audit Success
4798,2026-04-24 06:32:48,Audit Success,,Security,Info,User Account Management,DESKTOP-8LN1BLF,Audit Success
5379,2026-04-24 06:32:37,Audit Success,,Security,Info,User Account Management,DESKTOP-8LN1BLF,Audit Success
4798,2026-04-24 06:32:27,Audit Success,,Security,Info,User Account Management,DESKTOP-8LN1BLF,Audit Success
5379,2026-04-24 06:32:05,Audit Success,,Security,Info,User Account Management,DESKTOP-8LN1BLF,Audit Success
4798,2026-04-24 06:32:05,Audit Success,,Security,Info,User Account Management,DESKTOP-8LN1BLF,Audit Success
4798,2026-04-24 06:32:01,Audit Success,,Security,Info,User Account Management,DESKTOP-8LN1BLF,Audit Success
4798,2026-04-24 06:32:00,Audit Success,,Security,Info,User Account Management,DESKTOP-8LN1BLF,Audit Success
4798,2026-04-24 06:31:48,Audit Success,,Security,Info,User Account Management,DESKTOP-8LN1BLF,Audit Success
4799,2026-04-24 06:31:03,Audit Success,,Security,Info,A security-enabled local group membership was enumerated.,DESKTOP-8LN1BLF,Audit Success
4798,2026-04-24 06:30:59,Audit Success,,Security,Info,User Account Management,DESKTOP-8LN1BLF,Audit Success
4672,2026-04-24 06:30:59,Audit Success,,Security,Info,Special Logon,DESKTOP-8LN1BLF,Audit Success
4624,2026-04-24 06:30:59,Audit Success,,Security,Info,Logon,DESKTOP-8LN1BLF,Audit Success
4672,2026-04-24 06:30:56,Audit Success,,Security,Info,Special Logon,DESKTOP-8LN1BLF,Audit Success
4624,2026-04-24 06:30:56,Audit Success,,Security,Info,Logon,DESKTOP-8LN1BLF,Audit Success
5379,2026-04-24 06:30:54,Audit Success,,Security,Info,User Account Management,DESKTOP-8LN1BLF,Audit Success
5379,2026-04-24 06:30:53,Audit Success,,Security,Info,User Account Management,DESKTOP-8LN1BLF,Audit Success
4798,2026-04-24 06:30:38,Audit Success,,Security,Info,User Account Management,DESKTOP-8LN1BLF,Audit Success
4798,2026-04-24 06:30:34,Audit Success,,Security,Info,User Account Management,DESKTOP-8LN1BLF,Audit Success
4672,2026-04-24 06:30:22,Audit Success,,Security,Info,Special Logon,DESKTOP-8LN1BLF,Audit Success
4624,2026-04-24 06:30:22,Audit Success,,Security,Info,Logon,DESKTOP-8LN1BLF,Audit Success
4798,2026-04-24 06:30:16,Audit Success,,Security,Info,User Account Management,DESKTOP-8LN1BLF,Audit Success
5379,2026-04-24 06:29:56,Audit Success,,Security,Info,User Account Management,DESKTOP-8LN1BLF,Audit Success
4798,2026-04-24 06:29:55,Audit Success,,Security,Info,User Account Management,DESKTOP-8LN1BLF,Audit Success
4798,2026-04-24 06:29:54,Audit Success,,Security,Info,User Account Management,DESKTOP-8LN1BLF,Audit Success
4799,2026-04-24 06:29:54,Audit Success,,Security,Info,A security-enabled local group membership was enumerated.,DESKTOP-8LN1BLF,Audit Success
5379,2026-04-24 06:29:51,Audit Success,,Security,Info,User Account Management,DESKTOP-8LN1BLF,Audit Success
4798,2026-04-24 06:29:51,Audit Success,,Security,Info,User Account Management,DESKTOP-8LN1BLF,Audit Success
5059,2026-04-24 06:29:51,Audit Success,,Security,Info,Key migration operation.,DESKTOP-8LN1BLF,Audit Success
5061,2026-04-24 06:29:51,Audit Success,,Security,Info,Cryptographic operation.,DESKTOP-8LN1BLF,Audit Success
5058,2026-04-24 06:29:51,Audit Success,,Security,Info,Key file operation.,DESKTOP-8LN1BLF,Audit Success
5379,2026-04-24 06:29:49,Audit Success,,Security,Info,User Account Management,DESKTOP-8LN1BLF,Audit Success
4672,2026-04-24 06:29:41,Audit Success,,Security,Info,Special Logon,DESKTOP-8LN1BLF,Audit Success
4624,2026-04-24 06:29:41,Audit Success,,Security,Info,Logon,DESKTOP-8LN1BLF,Audit Success
5379,2026-04-24 06:29:39,Audit Success,,Security,Info,User Account Management,DESKTOP-8LN1BLF,Audit Success
4672,2026-04-24 06:29:39,Audit Success,,Security,Info,Special Logon,DESKTOP-8LN1BLF,Audit Success
4624,2026-04-24 06:29:39,Audit Success,,Security,Info,Logon,DESKTOP-8LN1BLF,Audit Success
5379,2026-04-24 06:29:38,Audit Success,,Security,Info,User Account Management,DESKTOP-8LN1BLF,Audit Success
4672,2026-04-24 06:29:37,Audit Success,,Security,Info,Special Logon,DESKTOP-8LN1BLF,Audit Success
4624,2026-04-24 06:29:37,Audit Success,,Security,Info,Logon,DESKTOP-8LN1BLF,Audit Success
5059,2026-04-24 06:29:36,Audit Success,,Security,Info,Key migration operation.,DESKTOP-8LN1BLF,Audit Success
5061,2026-04-24 06:29:36,Audit Success,,Security,Info,Cryptographic operation.,DESKTOP-8LN1BLF,Audit Success
5058,2026-04-24 06:29:36,Audit Success,,Security,Info,Key file operation.,DESKTOP-8LN1BLF,Audit Success
4798,2026-04-24 06:29:33,Audit Success,,Security,Info,User Account Management,DESKTOP-8LN1BLF,Audit Success
4672,2026-04-24 06:29:33,Audit Success,,Security,Info,Special Logon,DESKTOP-8LN1BLF,Audit Success
4624,2026-04-24 06:29:33,Audit Success,,Security,Info,Logon,DESKTOP-8LN1BLF,Audit Success
5379,2026-04-24 06:29:32,Audit Success,,Security,Info,User Account Management,DESKTOP-8LN1BLF,Audit Success
4672,2026-04-24 06:29:32,Audit Success,,Security,Info,Special Logon,DESKTOP-8LN1BLF,Audit Success
4624,2026-04-24 06:29:32,Audit Success,,Security,Info,Logon,DESKTOP-8LN1BLF,Audit Success
4799,2026-04-24 06:29:32,Audit Success,,Security,Info,A security-enabled local group membership was enumerated.,DESKTOP-8LN1BLF,Audit Success
4648,2026-04-24 06:29:32,Audit Success,,Security,Info,Logon,DESKTOP-8LN1BLF,Audit Success
4798,2026-04-24 06:29:32,Audit Success,,Security,Info,User Account Management,DESKTOP-8LN1BLF,Audit Success
4672,2026-04-24 06:29:25,Audit Success,,Security,Info,Special Logon,DESKTOP-8LN1BLF,Audit Success
4624,2026-04-24 06:29:25,Audit Success,,Security,Info,Logon,DESKTOP-8LN1BLF,Audit Success
4798,2026-04-24 06:29:24,Audit Success,,Security,Info,User Account Management,DESKTOP-8LN1BLF,Audit Success
4672,2026-04-24 06:29:24,Audit Success,,Security,Info,Special Logon,DESKTOP-8LN1BLF,Audit Success
4624,2026-04-24 06:29:24,Audit Success,,Security,Info,Logon,DESKTOP-8LN1BLF,Audit Success
4798,2026-04-24 06:05:28,Audit Success,,Security,Info,User Account Management,DESKTOP-8LN1BLF,Audit Success
4798,2026-04-24 06:04:24,Audit Success,,Security,Info,User Account Management,DESKTOP-8LN1BLF,Audit Success
4798,2026-04-24 06:01:53,Audit Success,,Security,Info,User Account Management,DESKTOP-8LN1BLF,Audit Success
4798,2026-04-24 06:01:32,Audit Success,,Security,Info,User Account Management,DESKTOP-8LN1BLF,Audit Success
4798,2026-04-24 06:01:11,Audit Success,,Security,Info,User Account Management,DESKTOP-8LN1BLF,Audit Success
4798,2026-04-24 06:00:50,Audit Success,,Security,Info,User Account Management,DESKTOP-8LN1BLF,Audit Success
5382,2026-04-24 06:00:37,Audit Success,,Security,Info,User Account Management,DESKTOP-8LN1BLF,Audit Success
4798,2026-04-24 06:00:37,Audit Success,,Security,Info,User Account Management,DESKTOP-8LN1BLF,Audit Success
4672,2026-04-24 06:00:35,Audit Success,,Security,Info,Special Logon,DESKTOP-8LN1BLF,Audit Success
4624,2026-04-24 06:00:35,Audit Success,,Security,Info,Logon,DESKTOP-8LN1BLF,Audit Success
4798,2026-04-24 06:00:28,Audit Success,,Security,Info,User Account Management,DESKTOP-8LN1BLF,Audit Success
4798,2026-04-24 06:00:02,Audit Success,,Security,Info,User Account Management,DESKTOP-8LN1BLF,Audit Success
4798,2026-04-24 05:59:53,Audit Success,,Security,Info,User Account Management,DESKTOP-8LN1BLF,Audit Success
4798,2026-04-24 05:59:52,Audit Success,,Security,Info,User Account Management,DESKTOP-8LN1BLF,Audit Success
4798,2026-04-24 05:59:06,Audit Success,,Security,Info,User Account Management,DESKTOP-8LN1BLF,Audit Success
4798,2026-04-24 05:58:39,Audit Success,,Security,Info,User Account Management,DESKTOP-8LN1BLF,Audit Success
4672,2026-04-24 05:58:33,Audit Success,,Security,Info,Special Logon,DESKTOP-8LN1BLF,Audit Success
4624,2026-04-24 05:58:33,Audit Success,,Security,Info,Logon,DESKTOP-8LN1BLF,Audit Success
4798,2026-04-24 05:57:48,Audit Success,,Security,Info,User Account Management,DESKTOP-8LN1BLF,Audit Success
4798,2026-04-24 05:57:32,Audit Success,,Security,Info,User Account Management,DESKTOP-8LN1BLF,Audit Success
4672,2026-04-24 05:57:15,Audit Success,,Security,Info,Special Logon,DESKTOP-8LN1BLF,Audit Success
4624,2026-04-24 05:57:15,Audit Success,,Security,Info,Logon,DESKTOP-8LN1BLF,Audit Success
4672,2026-04-24 05:57:03,Audit Success,,Security,Info,Special Logon,DESKTOP-8LN1BLF,Audit Success
4624,2026-04-24 05:57:03,Audit Success,,Security,Info,Logon,DESKTOP-8LN1BLF,Audit Success
4799,2026-04-24 05:57:02,Audit Success,,Security,Info,A security-enabled local group membership was enumerated.,DESKTOP-8LN1BLF,Audit Success
4672,2026-04-24 05:57:02,Audit Success,,Security,Info,Special Logon,DESKTOP-8LN1BLF,Audit Success
4624,2026-04-24 05:57:02,Audit Success,,Security,Info,Logon,DESKTOP-8LN1BLF,Audit Success
4798,2026-04-24 05:57:02,Audit Success,,Security,Info,User Account Management,DESKTOP-8LN1BLF,Audit Success
4672,2026-04-24 05:57:01,Audit Success,,Security,Info,Special Logon,DESKTOP-8LN1BLF,Audit Success
4624,2026-04-24 05:57:01,Audit Success,,Security,Info,Logon,DESKTOP-8LN1BLF,Audit Success
4672,2026-04-24 05:57:00,Audit Success,,Security,Info,Special Logon,DESKTOP-8LN1BLF,Audit Success
4624,2026-04-24 05:57:00,Audit Success,,Security,Info,Logon,DESKTOP-8LN1BLF,Audit Success
4672,2026-04-24 05:56:59,Audit Success,,Security,Info,Special Logon,DESKTOP-8LN1BLF,Audit Success
4624,2026-04-24 05:56:59,Audit Success,,Security,Info,Logon,DESKTOP-8LN1BLF,Audit Success
5059,2026-04-24 05:56:57,Audit Success,,Security,Info,Key migration operation.,DESKTOP-8LN1BLF,Audit Success
5061,2026-04-24 05:56:57,Audit Success,,Security,Info,Cryptographic operation.,DESKTOP-8LN1BLF,Audit Success
5058,2026-04-24 05:56:57,Audit Success,,Security,Info,Key file operation.,DESKTOP-8LN1BLF,Audit Success
4799,2026-04-24 05:56:56,Audit Success,,Security,Info,A security-enabled local group membership was enumerated.,DESKTOP-8LN1BLF,Audit Success
4672,2026-04-24 05:56:51,Audit Success,,Security,Info,Special Logon,DESKTOP-8LN1BLF,Audit Success
4624,2026-04-24 05:56:51,Audit Success,,Security,Info,Logon,DESKTOP-8LN1BLF,Audit Success
4672,2026-04-24 05:56:45,Audit Success,,Security,Info,Special Logon,DESKTOP-8LN1BLF,Audit Success
4624,2026-04-24 05:56:45,Audit Success,,Security,Info,Logon,DESKTOP-8LN1BLF,Audit Success
4798,2026-04-24 05:56:40,Audit Success,,Security,Info,User Account Management,DESKTOP-8LN1BLF,Audit Success
4798,2026-04-24 05:56:19,Audit Success,,Security,Info,User Account Management,DESKTOP-8LN1BLF,Audit Success
4798,2026-04-24 05:55:51,Audit Success,,Security,Info,User Account Management,DESKTOP-8LN1BLF,Audit Success
4672,2026-04-24 05:55:33,Audit Success,,Security,Info,Special Logon,DESKTOP-8LN1BLF,Audit Success
4624,2026-04-24 05:55:33,Audit Success,,Security,Info,Logon,DESKTOP-8LN1BLF,Audit Success
4798,2026-04-24 05:55:29,Audit Success,,Security,Info,User Account Management,DESKTOP-8LN1BLF,Audit Success
4798,2026-04-24 05:55:08,Audit Success,,Security,Info,User Account Management,DESKTOP-8LN1BLF,Audit Success
4798,2026-04-24 05:55:05,Audit Success,,Security,Info,User Account Management,DESKTOP-8LN1BLF,Audit Success
4798,2026-04-24 05:54:57,Audit Success,,Security,Info,User Account Management,DESKTOP-8LN1BLF,Audit Success
4672,2026-04-24 05:54:54,Audit Success,,Security,Info,Special Logon,DESKTOP-8LN1BLF,Audit Success
4624,2026-04-24 05:54:54,Audit Success,,Security,Info,Logon,DESKTOP-8LN1BLF,Audit Success
4798,2026-04-24 05:54:52,Audit Success,,Security,Info,User Account Management,DESKTOP-8LN1BLF,Audit Success
4672,2026-04-24 05:54:52,Audit Success,,Security,Info,Special Logon,DESKTOP-8LN1BLF,Audit Success
4624,2026-04-24 05:54:52,Audit Success,,Security,Info,Logon,DESKTOP-8LN1BLF,Audit Success
5024,2026-04-24 05:54:52,Audit Success,,Security,Info,The Windows Firewall service started successfully.,DESKTOP-8LN1BLF,Audit Success
4672,2026-04-24 05:54:51,Audit Success,,Security,Info,Special Logon,DESKTOP-8LN1BLF,Audit Success
4624,2026-04-24 05:54:51,Audit Success,,Security,Info,Logon,DESKTOP-8LN1BLF,Audit Success
4799,2026-04-24 05:54:47,Audit Success,,Security,Info,A security-enabled local group membership was enumerated.,DESKTOP-8LN1BLF,Audit Success
4672,2026-04-24 05:54:47,Audit Success,,Security,Info,Special Logon,DESKTOP-8LN1BLF,Audit Success
4624,2026-04-24 05:54:47,Audit Success,,Security,Info,Logon,DESKTOP-8LN1BLF,Audit Success
5033,2026-04-24 05:54:47,Audit Success,,Security,Info,The Windows Firewall Driver started successfully.,DESKTOP-8LN1BLF,Audit Success
4672,2026-04-24 05:54:46,Audit Success,,Security,Info,Special Logon,DESKTOP-8LN1BLF,Audit Success
4624,2026-04-24 05:54:46,Audit Success,,Security,Info,Logon,DESKTOP-8LN1BLF,Audit Success
4672,2026-04-24 05:54:45,Audit Success,,Security,Info,Special Logon,DESKTOP-8LN1BLF,Audit Success
4624,2026-04-24 05:54:45,Audit Success,,Security,Info,Logon,DESKTOP-8LN1BLF,Audit Success
4672,2026-04-24 05:54:44,Audit Success,,Security,Info,Special Logon,DESKTOP-8LN1BLF,Audit Success
4624,2026-04-24 05:54:44,Audit Success,,Security,Info,Logon,DESKTOP-8LN1BLF,Audit Success
4648,2026-04-24 05:54:44,Audit Success,,Security,Info,Logon,DESKTOP-8LN1BLF,Audit Success
4672,2026-04-24 05:54:43,Audit Success,,Security,Info,Special Logon,DESKTOP-8LN1BLF,Audit Success
4624,2026-04-24 05:54:43,Audit Success,,Security,Info,Logon,DESKTOP-8LN1BLF,Audit Success
4648,2026-04-24 05:54:43,Audit Success,,Security,Info,Logon,DESKTOP-8LN1BLF,Audit Success
4902,2026-04-24 05:54:43,Audit Success,,Security,Info,The Per-user audit policy table was created.,DESKTOP-8LN1BLF,Audit Success
4624,2026-04-24 05:54:42,Audit Success,,Security,Info,Logon,DESKTOP-8LN1BLF,Audit Success
4608,2026-04-24 05:54:42,Audit Success,,Security,Info,Windows is starting up.,DESKTOP-8LN1BLF,Audit Success
6417,2026-04-24 05:54:42,Audit Success,,Security,Info,The FIPS mode crypto selftests succeeded.,DESKTOP-8LN1BLF,Audit Success
4688,2026-04-24 05:54:42,Audit Success,,Security,Info,A new process has been created.,DESKTOP-8LN1BLF,Audit Success
4688,2026-04-24 05:54:38,Audit Success,,Security,Info,A new process has been created.,DESKTOP-8LN1BLF,Audit Success
4688,2026-04-24 05:54:37,Audit Success,,Security,Info,A new process has been created.,DESKTOP-8LN1BLF,Audit Success
4826,2026-04-24 05:54:37,Audit Success,,Security,Info,Application Generated,DESKTOP-8LN1BLF,Audit Success
4696,2026-04-24 05:54:37,Audit Success,,Security,Info,A primary token was assigned to process.,DESKTOP-8LN1BLF,Audit Success
1100,2026-04-24 05:54:24,Audit Success,,Security,Info,The event logging service has shut down.,DESKTOP-8LN1BLF,Audit Success
4798,2026-04-24 05:54:08,Audit Success,,Security,Info,User Account Management,DESKTOP-8LN1BLF,Audit Success
4672,2026-04-24 05:53:50,Audit Success,,Security,Info,Special Logon,DESKTOP-8LN1BLF,Audit Success
4624,2026-04-24 05:53:50,Audit Success,,Security,Info,Logon,DESKTOP-8LN1BLF,Audit Success
4798,2026-04-24 05:53:46,Audit Success,,Security,Info,User Account Management,DESKTOP-8LN1BLF,Audit Success
4672,2026-04-24 05:53:46,Audit Success,,Security,Info,Special Logon,DESKTOP-8LN1BLF,Audit Success
4624,2026-04-24 05:53:46,Audit Success,,Security,Info,Logon,DESKTOP-8LN1BLF,Audit Success
4672,2026-04-24 05:53:34,Audit Success,,Security,Info,Special Logon,DESKTOP-8LN1BLF,Audit Success
4624,2026-04-24 05:53:34,Audit Success,,Security,Info,Logon,DESKTOP-8LN1BLF,Audit Success
4798,2026-04-24 05:53:25,Audit Success,,Security,Info,User Account Management,DESKTOP-8LN1BLF,Audit Success
4672,2026-04-24 05:53:21,Audit Success,,Security,Info,Special Logon,DESKTOP-8LN1BLF,Audit Success
4624,2026-04-24 05:53:21,Audit Success,,Security,Info,Logon,DESKTOP-8LN1BLF,Audit Success
4798,2026-04-24 05:53:17,Audit Success,,Security,Info,User Account Management,DESKTOP-8LN1BLF,Audit Success
4672,2026-04-24 05:53:12,Audit Success,,Security,Info,Special Logon,DESKTOP-8LN1BLF,Audit Success
4624,2026-04-24 05:53:12,Audit Success,,Security,Info,Logon,DESKTOP-8LN1BLF,Audit Success
4798,2026-04-24 05:53:12,Audit Success,,Security,Info,User Account Management,DESKTOP-8LN1BLF,Audit Success
5024,2026-04-24 05:53:12,Audit Success,,Security,Info,The Windows Firewall service started successfully.,DESKTOP-8LN1BLF,Audit Success
4672,2026-04-24 05:53:11,Audit Success,,Security,Info,Special Logon,DESKTOP-8LN1BLF,Audit Success
4624,2026-04-24 05:53:11,Audit Success,,Security,Info,Logon,DESKTOP-8LN1BLF,Audit Success
4672,2026-04-24 05:53:10,Audit Success,,Security,Info,Special Logon,DESKTOP-8LN1BLF,Audit Success
4624,2026-04-24 05:53:10,Audit Success,,Security,Info,Logon,DESKTOP-8LN1BLF,Audit Success
4799,2026-04-24 05:53:04,Audit Success,,Security,Info,A security-enabled local group membership was enumerated.,DESKTOP-8LN1BLF,Audit Success
4672,2026-04-24 05:53:04,Audit Success,,Security,Info,Special Logon,DESKTOP-8LN1BLF,Audit Success
4624,2026-04-24 05:53:04,Audit Success,,Security,Info,Logon,DESKTOP-8LN1BLF,Audit Success
5033,2026-04-24 05:53:04,Audit Success,,Security,Info,The Windows Firewall Driver started successfully.,DESKTOP-8LN1BLF,Audit Success
4672,2026-04-24 05:53:03,Audit Success,,Security,Info,Special Logon,DESKTOP-8LN1BLF,Audit Success
4624,2026-04-24 05:53:03,Audit Success,,Security,Info,Logon,DESKTOP-8LN1BLF,Audit Success
4672,2026-04-24 05:53:02,Audit Success,,Security,Info,Special Logon,DESKTOP-8LN1BLF,Audit Success
4624,2026-04-24 05:53:02,Audit Success,,Security,Info,Logon,DESKTOP-8LN1BLF,Audit Success
4672,2026-04-24 05:53:01,Audit Success,,Security,Info,Special Logon,DESKTOP-8LN1BLF,Audit Success
4624,2026-04-24 05:53:01,Audit Success,,Security,Info,Logon,DESKTOP-8LN1BLF,Audit Success
4648,2026-04-24 05:53:01,Audit Success,,Security,Info,Logon,DESKTOP-8LN1BLF,Audit Success
4672,2026-04-24 05:53:00,Audit Success,,Security,Info,Special Logon,DESKTOP-8LN1BLF,Audit Success
4624,2026-04-24 05:53:00,Audit Success,,Security,Info,Logon,DESKTOP-8LN1BLF,Audit Success
4648,2026-04-24 05:53:00,Audit Success,,Security,Info,Logon,DESKTOP-8LN1BLF,Audit Success
4902,2026-04-24 05:52:59,Audit Success,,Security,Info,The Per-user audit policy table was created.,DESKTOP-8LN1BLF,Audit Success
4624,2026-04-24 05:52:59,Audit Success,,Security,Info,Logon,DESKTOP-8LN1BLF,Audit Success
4608,2026-04-24 05:52:59,Audit Success,,Security,Info,Windows is starting up.,DESKTOP-8LN1BLF,Audit Success
6417,2026-04-24 05:52:59,Audit Success,,Security,Info,The FIPS mode crypto selftests succeeded.,DESKTOP-8LN1BLF,Audit Success
4688,2026-04-24 05:52:59,Audit Success,,Security,Info,A new process has been created.,DESKTOP-8LN1BLF,Audit Success
4688,2026-04-24 05:52:55,Audit Success,,Security,Info,A new process has been created.,DESKTOP-8LN1BLF,Audit Success
4688,2026-04-24 05:52:54,Audit Success,,Security,Info,A new process has been created.,DESKTOP-8LN1BLF,Audit Success
4826,2026-04-24 05:52:54,Audit Success,,Security,Info,Application Generated,DESKTOP-8LN1BLF,Audit Success
4696,2026-04-24 05:52:54,Audit Success,,Security,Info,A primary token was assigned to process.,DESKTOP-8LN1BLF,Audit Success
1100,2026-04-24 05:52:40,Audit Success,,Security,Info,The event logging service has shut down.,DESKTOP-8LN1BLF,Audit Success
4798,2026-04-24 05:52:16,Audit Success,,Security,Info,User Account Management,DESKTOP-8LN1BLF,Audit Success
4907,2026-04-24 05:52:06,Audit Success,,Security,Info,Auditing settings on object were changed.,DESKTOP-8LN1BLF,Audit Success
4907,2026-04-24 05:52:05,Audit Success,,Security,Info,Auditing settings on object were changed.,DESKTOP-8LN1BLF,Audit Success
4907,2026-04-24 05:52:04,Audit Success,,Security,Info,Auditing settings on object were changed.,DESKTOP-8LN1BLF,Audit Success
4907,2026-04-24 05:52:03,Audit Success,,Security,Info,Auditing settings on object were changed.,DESKTOP-8LN1BLF,Audit Success
4907,2026-04-24 05:52:02,Audit Success,,Security,Info,Auditing settings on object were changed.,DESKTOP-8LN1BLF,Audit Success
4907,2026-04-24 05:52:01,Audit Success,,Security,Info,Auditing settings on object were changed.,DESKTOP-8LN1BLF,Audit Success
4907,2026-04-24 05:52:00,Audit Success,,Security,Info,Auditing settings on object were changed.,DESKTOP-8LN1BLF,Audit Success
4907,2026-04-24 05:51:59,Audit Success,,Security,Info,Auditing settings on object were changed.,DESKTOP-8LN1BLF,Audit Success
4907,2026-04-24 05:51:58,Audit Success,,Security,Info,Auditing settings on object were changed.,DESKTOP-8LN1BLF,Audit Success
4907,2026-04-24 05:51:57,Audit Success,,Security,Info,Auditing settings on object were changed.,DESKTOP-8LN1BLF,Audit Success
4907,2026-04-24 05:51:56,Audit Success,,Security,Info,Auditing settings on object were changed.,DESKTOP-8LN1BLF,Audit Success
4907,2026-04-24 05:51:55,Audit Success,,Security,Info,Auditing settings on object were changed.,DESKTOP-8LN1BLF,Audit Success
4798,2026-04-24 05:51:55,Audit Success,,Security,Info,User Account Management,DESKTOP-8LN1BLF,Audit Success
4907,2026-04-24 05:51:54,Audit Success,,Security,Info,Auditing settings on object were changed.,DESKTOP-8LN1BLF,Audit Success
4907,2026-04-24 05:51:53,Audit Success,,Security,Info,Auditing settings on object were changed.,DESKTOP-8LN1BLF,Audit Success
4907,2026-04-24 05:51:52,Audit Success,,Security,Info,Auditing settings on object were changed.,DESKTOP-8LN1BLF,Audit Success
4907,2026-04-24 05:51:51,Audit Success,,Security,Info,Auditing settings on object were changed.,DESKTOP-8LN1BLF,Audit Success
4907,2026-04-24 05:51:50,Audit Success,,Security,Info,Auditing settings on object were changed.,DESKTOP-8LN1BLF,Audit Success
4907,2026-04-24 05:51:49,Audit Success,,Security,Info,Auditing settings on object were changed.,DESKTOP-8LN1BLF,Audit Success
4907,2026-04-24 05:51:48,Audit Success,,Security,Info,Auditing settings on object were changed.,DESKTOP-8LN1BLF,Audit Success
4907,2026-04-24 05:51:47,Audit Success,,Security,Info,Auditing settings on object were changed.,DESKTOP-8LN1BLF,Audit Success
4907,2026-04-24 05:51:46,Audit Success,,Security,Info,Auditing settings on object were changed.,DESKTOP-8LN1BLF,Audit Success
4907,2026-04-24 05:51:45,Audit Success,,Security,Info,Auditing settings on object were changed.,DESKTOP-8LN1BLF,Audit Success
4907,2026-04-24 05:51:44,Audit Success,,Security,Info,Auditing settings on object were changed.,DESKTOP-8LN1BLF,Audit Success
4907,2026-04-24 05:51:43,Audit Success,,Security,Info,Auditing settings on object were changed.,DESKTOP-8LN1BLF,Audit Success
4672,2026-04-24 05:51:43,Audit Success,,Security,Info,Special Logon,DESKTOP-8LN1BLF,Audit Success
4624,2026-04-24 05:51:43,Audit Success,,Security,Info,Logon,DESKTOP-8LN1BLF,Audit Success
4907,2026-04-24 05:51:42,Audit Success,,Security,Info,Auditing settings on object were changed.,DESKTOP-8LN1BLF,Audit Success
4907,2026-04-24 05:51:41,Audit Success,,Security,Info,Auditing settings on object were changed.,DESKTOP-8LN1BLF,Audit Success
4907,2026-04-24 05:51:40,Audit Success,,Security,Info,Auditing settings on object were changed.,DESKTOP-8LN1BLF,Audit Success
4907,2026-04-24 05:51:39,Audit Success,,Security,Info,Auditing settings on object were changed.,DESKTOP-8LN1BLF,Audit Success
4907,2026-04-24 05:51:38,Audit Success,,Security,Info,Auditing settings on object were changed.,DESKTOP-8LN1BLF,Audit Success
4798,2026-04-24 05:51:35,Audit Success,,Security,Info,User Account Management,DESKTOP-8LN1BLF,Audit Success
4798,2026-04-24 05:51:21,Audit Success,,Security,Info,User Account Management,DESKTOP-8LN1BLF,Audit Success
4798,2026-04-24 05:51:20,Audit Success,,Security,Info,User Account Management,DESKTOP-8LN1BLF,Audit Success
4798,2026-04-24 05:51:01,Audit Success,,Security,Info,User Account Management,DESKTOP-8LN1BLF,Audit Success
4798,2026-04-24 05:50:40,Audit Success,,Security,Info,User Account Management,DESKTOP-8LN1BLF,Audit Success
4672,2026-04-24 05:50:35,Audit Success,,Security,Info,Special Logon,DESKTOP-8LN1BLF,Audit Success
4624,2026-04-24 05:50:35,Audit Success,,Security,Info,Logon,DESKTOP-8LN1BLF,Audit Success
4798,2026-04-24 05:50:35,Audit Success,,Security,Info,User Account Management,DESKTOP-8LN1BLF,Audit Success
4647,2026-04-24 05:50:34,Audit Success,,Security,Info,Logoff,DESKTOP-8LN1BLF,Audit Success
4798,2026-04-24 05:50:32,Audit Success,,Security,Info,User Account Management,DESKTOP-8LN1BLF,Audit Success
4672,2026-04-24 05:50:30,Audit Success,,Security,Info,Special Logon,DESKTOP-8LN1BLF,Audit Success
4624,2026-04-24 05:50:30,Audit Success,,Security,Info,Logon,DESKTOP-8LN1BLF,Audit Success
4798,2026-04-24 05:50:21,Audit Success,,Security,Info,User Account Management,DESKTOP-8LN1BLF,Audit Success
4672,2026-04-24 05:50:15,Audit Success,,Security,Info,Special Logon,DESKTOP-8LN1BLF,Audit Success
4624,2026-04-24 05:50:15,Audit Success,,Security,Info,Logon,DESKTOP-8LN1BLF,Audit Success
4672,2026-04-24 05:50:14,Audit Success,,Security,Info,Special Logon,DESKTOP-8LN1BLF,Audit Success
4624,2026-04-24 05:50:14,Audit Success,,Security,Info,Logon,DESKTOP-8LN1BLF,Audit Success
4798,2026-04-24 05:50:14,Audit Success,,Security,Info,User Account Management,DESKTOP-8LN1BLF,Audit Success
4798,2026-04-24 05:50:13,Audit Success,,Security,Info,User Account Management,DESKTOP-8LN1BLF,Audit Success
5059,2026-04-24 05:50:13,Audit Success,,Security,Info,Key migration operation.,DESKTOP-8LN1BLF,Audit Success
5061,2026-04-24 05:50:13,Audit Success,,Security,Info,Cryptographic operation.,DESKTOP-8LN1BLF,Audit Success
4672,2026-04-24 05:50:13,Audit Success,,Security,Info,Special Logon,DESKTOP-8LN1BLF,Audit Success
4624,2026-04-24 05:50:13,Audit Success,,Security,Info,Logon,DESKTOP-8LN1BLF,Audit Success
5058,2026-04-24 05:50:13,Audit Success,,Security,Info,Key file operation.,DESKTOP-8LN1BLF,Audit Success
4798,2026-04-24 05:50:12,Audit Success,,Security,Info,User Account Management,DESKTOP-8LN1BLF,Audit Success
5379,2026-04-24 05:50:12,Audit Success,,Security,Info,User Account Management,DESKTOP-8LN1BLF,Audit Success
5379,2026-04-24 05:50:11,Audit Success,,Security,Info,User Account Management,DESKTOP-8LN1BLF,Audit Success
4799,2026-04-24 05:50:11,Audit Success,,Security,Info,A security-enabled local group membership was enumerated.,DESKTOP-8LN1BLF,Audit Success
4672,2026-04-24 05:50:11,Audit Success,,Security,Info,Special Logon,DESKTOP-8LN1BLF,Audit Success
4624,2026-04-24 05:50:11,Audit Success,,Security,Info,Logon,DESKTOP-8LN1BLF,Audit Success
4648,2026-04-24 05:50:11,Audit Success,,Security,Info,Logon,DESKTOP-8LN1BLF,Audit Success
4798,2026-04-24 05:50:11,Audit Success,,Security,Info,User Account Management,DESKTOP-8LN1BLF,Audit Success
4634,2026-04-23 22:39:27,Audit Success,,Security,Info,Logoff,DESKTOP-8LN1BLF,Audit Success
4634,2026-04-23 22:39:26,Audit Success,,Security,Info,Logoff,DESKTOP-8LN1BLF,Audit Success
4798,2026-04-23 22:39:25,Audit Success,,Security,Info,User Account Management,DESKTOP-8LN1BLF,Audit Success
4672,2026-04-23 22:39:25,Audit Success,,Security,Info,Special Logon,DESKTOP-8LN1BLF,Audit Success
4624,2026-04-23 22:39:25,Audit Success,,Security,Info,Logon,DESKTOP-8LN1BLF,Audit Success
4647,2026-04-23 22:39:24,Audit Success,,Security,Info,Logoff,DESKTOP-8LN1BLF,Audit Success
4672,2026-04-23 22:39:19,Audit Success,,Security,Info,Special Logon,DESKTOP-8LN1BLF,Audit Success
4624,2026-04-23 22:39:19,Audit Success,,Security,Info,Logon,DESKTOP-8LN1BLF,Audit Success
4672,2026-04-23 22:39:18,Audit Success,,Security,Info,Special Logon,DESKTOP-8LN1BLF,Audit Success
4624,2026-04-23 22:39:18,Audit Success,,Security,Info,Logon,DESKTOP-8LN1BLF,Audit Success
4648,2026-04-23 22:39:18,Audit Success,,Security,Info,Logon,DESKTOP-8LN1BLF,Audit Success
4672,2026-04-23 22:38:13,Audit Success,,Security,Info,Special Logon,DESKTOP-8LN1BLF,Audit Success
4624,2026-04-23 22:38:13,Audit Success,,Security,Info,Logon,DESKTOP-8LN1BLF,Audit Success
4907,2026-04-23 22:26:40,Audit Success,,Security,Info,Auditing settings on object were changed.,DESKTOP-8LN1BLF,Audit Success
4907,2026-04-23 22:26:39,Audit Success,,Security,Info,Auditing settings on object were changed.,DESKTOP-8LN1BLF,Audit Success
4907,2026-04-23 22:26:38,Audit Success,,Security,Info,Auditing settings on object were changed.,DESKTOP-8LN1BLF,Audit Success
4907,2026-04-23 22:26:37,Audit Success,,Security,Info,Auditing settings on object were changed.,DESKTOP-8LN1BLF,Audit Success
4907,2026-04-23 22:26:36,Audit Success,,Security,Info,Auditing settings on object were changed.,DESKTOP-8LN1BLF,Audit Success
4907,2026-04-23 22:26:35,Audit Success,,Security,Info,Auditing settings on object were changed.,DESKTOP-8LN1BLF,Audit Success
4907,2026-04-23 22:26:31,Audit Success,,Security,Info,Auditing settings on object were changed.,DESKTOP-8LN1BLF,Audit Success
4907,2026-04-23 22:26:30,Audit Success,,Security,Info,Auditing settings on object were changed.,DESKTOP-8LN1BLF,Audit Success
4907,2026-04-23 22:26:29,Audit Success,,Security,Info,Auditing settings on object were changed.,DESKTOP-8LN1BLF,Audit Success
4907,2026-04-23 22:26:28,Audit Success,,Security,Info,Auditing settings on object were changed.,DESKTOP-8LN1BLF,Audit Success
4907,2026-04-23 22:26:27,Audit Success,,Security,Info,Auditing settings on object were changed.,DESKTOP-8LN1BLF,Audit Success
4907,2026-04-23 22:26:26,Audit Success,,Security,Info,Auditing settings on object were changed.,DESKTOP-8LN1BLF,Audit Success
4907,2026-04-23 22:26:25,Audit Success,,Security,Info,Auditing settings on object were changed.,DESKTOP-8LN1BLF,Audit Success
4907,2026-04-23 22:26:24,Audit Success,,Security,Info,Auditing settings on object were changed.,DESKTOP-8LN1BLF,Audit Success
4907,2026-04-23 22:26:23,Audit Success,,Security,Info,Auditing settings on object were changed.,DESKTOP-8LN1BLF,Audit Success
4907,2026-04-23 22:26:22,Audit Success,,Security,Info,Auditing settings on object were changed.,DESKTOP-8LN1BLF,Audit Success
4907,2026-04-23 22:26:21,Audit Success,,Security,Info,Auditing settings on object were changed.,DESKTOP-8LN1BLF,Audit Success
4907,2026-04-23 22:26:20,Audit Success,,Security,Info,Auditing settings on object were changed.,DESKTOP-8LN1BLF,Audit Success
4907,2026-04-23 22:26:19,Audit Success,,Security,Info,Auditing settings on object were changed.,DESKTOP-8LN1BLF,Audit Success
4907,2026-04-23 22:26:18,Audit Success,,Security,Info,Auditing settings on object were changed.,DESKTOP-8LN1BLF,Audit Success
4907,2026-04-23 22:26:17,Audit Success,,Security,Info,Auditing settings on object were changed.,DESKTOP-8LN1BLF,Audit Success
4907,2026-04-23 22:26:16,Audit Success,,Security,Info,Auditing settings on object were changed.,DESKTOP-8LN1BLF,Audit Success
4907,2026-04-23 22:26:15,Audit Success,,Security,Info,Auditing settings on object were changed.,DESKTOP-8LN1BLF,Audit Success
4907,2026-04-23 22:26:14,Audit Success,,Security,Info,Auditing settings on object were changed.,DESKTOP-8LN1BLF,Audit Success
4907,2026-04-23 22:26:13,Audit Success,,Security,Info,Auditing settings on object were changed.,DESKTOP-8LN1BLF,Audit Success
4907,2026-04-23 22:26:12,Audit Success,,Security,Info,Auditing settings on object were changed.,DESKTOP-8LN1BLF,Audit Success
4907,2026-04-23 22:26:11,Audit Success,,Security,Info,Auditing settings on object were changed.,DESKTOP-8LN1BLF,Audit Success
4907,2026-04-23 22:26:10,Audit Success,,Security,Info,Auditing settings on object were changed.,DESKTOP-8LN1BLF,Audit Success
4907,2026-04-23 22:26:04,Audit Success,,Security,Info,Auditing settings on object were changed.,DESKTOP-8LN1BLF,Audit Success
4907,2026-04-23 22:25:59,Audit Success,,Security,Info,Auditing settings on object were changed.,DESKTOP-8LN1BLF,Audit Success
4907,2026-04-23 22:25:58,Audit Success,,Security,Info,Auditing settings on object were changed.,DESKTOP-8LN1BLF,Audit Success
4907,2026-04-23 22:25:57,Audit Success,,Security,Info,Auditing settings on object were changed.,DESKTOP-8LN1BLF,Audit Success
5379,2026-04-23 22:22:53,Audit Success,,Security,Info,User Account Management,DESKTOP-8LN1BLF,Audit Success
4672,2026-04-23 22:22:53,Audit Success,,Security,Info,Special Logon,DESKTOP-8LN1BLF,Audit Success
4624,2026-04-23 22:22:53,Audit Success,,Security,Info,Logon,DESKTOP-8LN1BLF,Audit Success
4798,2026-04-23 22:17:48,Audit Success,,Security,Info,User Account Management,DESKTOP-8LN1BLF,Audit Success
4672,2026-04-23 22:17:47,Audit Success,,Security,Info,Special Logon,DESKTOP-8LN1BLF,Audit Success
4624,2026-04-23 22:17:47,Audit Success,,Security,Info,Logon,DESKTOP-8LN1BLF,Audit Success
4672,2026-04-23 22:16:55,Audit Success,,Security,Info,Special Logon,DESKTOP-8LN1BLF,Audit Success
4624,2026-04-23 22:16:55,Audit Success,,Security,Info,Logon,DESKTOP-8LN1BLF,Audit Success
4672,2026-04-23 22:16:54,Audit Success,,Security,Info,Special Logon,DESKTOP-8LN1BLF,Audit Success
4624,2026-04-23 22:16:54,Audit Success,,Security,Info,Logon,DESKTOP-8LN1BLF,Audit Success
5379,2026-04-23 22:11:18,Audit Success,,Security,Info,User Account Management,DESKTOP-8LN1BLF,Audit Success
5379,2026-04-23 22:10:51,Audit Success,,Security,Info,User Account Management,DESKTOP-8LN1BLF,Audit Success
4672,2026-04-23 22:10:50,Audit Success,,Security,Info,Special Logon,DESKTOP-8LN1BLF,Audit Success
4624,2026-04-23 22:10:50,Audit Success,,Security,Info,Logon,DESKTOP-8LN1BLF,Audit Success
4672,2026-04-23 22:08:12,Audit Success,,Security,Info,Special Logon,DESKTOP-8LN1BLF,Audit Success
4624,2026-04-23 22:08:12,Audit Success,,Security,Info,Logon,DESKTOP-8LN1BLF,Audit Success
4907,2026-04-23 22:02:47,Audit Success,,Security,Info,Auditing settings on object were changed.,DESKTOP-8LN1BLF,Audit Success
4907,2026-04-23 22:02:46,Audit Success,,Security,Info,Auditing settings on object were changed.,DESKTOP-8LN1BLF,Audit Success
4907,2026-04-23 22:02:45,Audit Success,,Security,Info,Auditing settings on object were changed.,DESKTOP-8LN1BLF,Audit Success
4907,2026-04-23 22:02:44,Audit Success,,Security,Info,Auditing settings on object were changed.,DESKTOP-8LN1BLF,Audit Success
4907,2026-04-23 22:02:43,Audit Success,,Security,Info,Auditing settings on object were changed.,DESKTOP-8LN1BLF,Audit Success
4907,2026-04-23 22:02:42,Audit Success,,Security,Info,Auditing settings on object were changed.,DESKTOP-8LN1BLF,Audit Success
4907,2026-04-23 22:02:41,Audit Success,,Security,Info,Auditing settings on object were changed.,DESKTOP-8LN1BLF,Audit Success
4907,2026-04-23 22:02:40,Audit Success,,Security,Info,Auditing settings on object were changed.,DESKTOP-8LN1BLF,Audit Success
4907,2026-04-23 22:02:39,Audit Success,,Security,Info,Auditing settings on object were changed.,DESKTOP-8LN1BLF,Audit Success
4907,2026-04-23 22:02:38,Audit Success,,Security,Info,Auditing settings on object were changed.,DESKTOP-8LN1BLF,Audit Success
4907,2026-04-23 22:02:37,Audit Success,,Security,Info,Auditing settings on object were changed.,DESKTOP-8LN1BLF,Audit Success
4907,2026-04-23 22:02:36,Audit Success,,Security,Info,Auditing settings on object were changed.,DESKTOP-8LN1BLF,Audit Success
4907,2026-04-23 22:02:35,Audit Success,,Security,Info,Auditing settings on object were changed.,DESKTOP-8LN1BLF,Audit Success
4907,2026-04-23 22:02:34,Audit Success,,Security,Info,Auditing settings on object were changed.,DESKTOP-8LN1BLF,Audit Success
4907,2026-04-23 22:02:32,Audit Success,,Security,Info,Auditing settings on object were changed.,DESKTOP-8LN1BLF,Audit Success
4907,2026-04-23 22:02:31,Audit Success,,Security,Info,Auditing settings on object were changed.,DESKTOP-8LN1BLF,Audit Success
4907,2026-04-23 22:02:30,Audit Success,,Security,Info,Auditing settings on object were changed.,DESKTOP-8LN1BLF,Audit Success
4907,2026-04-23 22:02:29,Audit Success,,Security,Info,Auditing settings on object were changed.,DESKTOP-8LN1BLF,Audit Success
4907,2026-04-23 22:02:28,Audit Success,,Security,Info,Auditing settings on object were changed.,DESKTOP-8LN1BLF,Audit Success
4907,2026-04-23 22:02:27,Audit Success,,Security,Info,Auditing settings on object were changed.,DESKTOP-8LN1BLF,Audit Success
4907,2026-04-23 22:02:26,Audit Success,,Security,Info,Auditing settings on object were changed.,DESKTOP-8LN1BLF,Audit Success
4907,2026-04-23 22:02:25,Audit Success,,Security,Info,Auditing settings on object were changed.,DESKTOP-8LN1BLF,Audit Success
4907,2026-04-23 22:02:24,Audit Success,,Security,Info,Auditing settings on object were changed.,DESKTOP-8LN1BLF,Audit Success
4907,2026-04-23 22:02:23,Audit Success,,Security,Info,Auditing settings on object were changed.,DESKTOP-8LN1BLF,Audit Success
4907,2026-04-23 22:02:22,Audit Success,,Security,Info,Auditing settings on object were changed.,DESKTOP-8LN1BLF,Audit Success
4907,2026-04-23 22:02:21,Audit Success,,Security,Info,Auditing settings on object were changed.,DESKTOP-8LN1BLF,Audit Success
4907,2026-04-23 22:02:20,Audit Success,,Security,Info,Auditing settings on object were changed.,DESKTOP-8LN1BLF,Audit Success
4907,2026-04-23 22:02:19,Audit Success,,Security,Info,Auditing settings on object were changed.,DESKTOP-8LN1BLF,Audit Success
4907,2026-04-23 22:02:18,Audit Success,,Security,Info,Auditing settings on object were changed.,DESKTOP-8LN1BLF,Audit Success
4907,2026-04-23 22:02:17,Audit Success,,Security,Info,Auditing settings on object were changed.,DESKTOP-8LN1BLF,Audit Success
4907,2026-04-23 22:02:16,Audit Success,,Security,Info,Auditing settings on object were changed.,DESKTOP-8LN1BLF,Audit Success
4907,2026-04-23 22:02:15,Audit Success,,Security,Info,Auditing settings on object were changed.,DESKTOP-8LN1BLF,Audit Success
4907,2026-04-23 22:02:14,Audit Success,,Security,Info,Auditing settings on object were changed.,DESKTOP-8LN1BLF,Audit Success
4907,2026-04-23 22:02:13,Audit Success,,Security,Info,Auditing settings on object were changed.,DESKTOP-8LN1BLF,Audit Success
4907,2026-04-23 22:02:12,Audit Success,,Security,Info,Auditing settings on object were changed.,DESKTOP-8LN1BLF,Audit Success
4907,2026-04-23 22:02:11,Audit Success,,Security,Info,Auditing settings on object were changed.,DESKTOP-8LN1BLF,Audit Success
4907,2026-04-23 22:02:10,Audit Success,,Security,Info,Auditing settings on object were changed.,DESKTOP-8LN1BLF,Audit Success
4907,2026-04-23 22:02:09,Audit Success,,Security,Info,Auditing settings on object were changed.,DESKTOP-8LN1BLF,Audit Success
4907,2026-04-23 22:02:08,Audit Success,,Security,Info,Auditing settings on object were changed.,DESKTOP-8LN1BLF,Audit Success
4907,2026-04-23 22:02:07,Audit Success,,Security,Info,Auditing settings on object were changed.,DESKTOP-8LN1BLF,Audit Success
4907,2026-04-23 22:02:06,Audit Success,,Security,Info,Auditing settings on object were changed.,DESKTOP-8LN1BLF,Audit Success
4907,2026-04-23 22:02:05,Audit Success,,Security,Info,Auditing settings on object were changed.,DESKTOP-8LN1BLF,Audit Success
4907,2026-04-23 22:02:04,Audit Success,,Security,Info,Auditing settings on object were changed.,DESKTOP-8LN1BLF,Audit Success
4907,2026-04-23 22:02:03,Audit Success,,Security,Info,Auditing settings on object were changed.,DESKTOP-8LN1BLF,Audit Success
4672,2026-04-23 22:00:56,Audit Success,,Security,Info,Special Logon,DESKTOP-8LN1BLF,Audit Success
4624,2026-04-23 22:00:56,Audit Success,,Security,Info,Logon,DESKTOP-8LN1BLF,Audit Success
5379,2026-04-23 21:57:56,Audit Success,,Security,Info,User Account Management,DESKTOP-8LN1BLF,Audit Success
4798,2026-04-23 21:57:56,Audit Success,,Security,Info,User Account Management,DESKTOP-8LN1BLF,Audit Success
4672,2026-04-23 21:57:56,Audit Success,,Security,Info,Special Logon,DESKTOP-8LN1BLF,Audit Success
4624,2026-04-23 21:57:56,Audit Success,,Security,Info,Logon,DESKTOP-8LN1BLF,Audit Success
4672,2026-04-23 21:55:39,Audit Success,,Security,Info,Special Logon,DESKTOP-8LN1BLF,Audit Success
4624,2026-04-23 21:55:39,Audit Success,,Security,Info,Logon,DESKTOP-8LN1BLF,Audit Success
4634,2026-04-23 21:55:39,Audit Success,,Security,Info,Logoff,DESKTOP-8LN1BLF,Audit Success
4648,2026-04-23 21:55:39,Audit Success,,Security,Info,Logon,DESKTOP-8LN1BLF,Audit Success
4798,2026-04-23 21:55:39,Audit Success,,Security,Info,User Account Management,DESKTOP-8LN1BLF,Audit Success
4672,2026-04-23 21:53:17,Audit Success,,Security,Info,Special Logon,DESKTOP-8LN1BLF,Audit Success
4624,2026-04-23 21:53:17,Audit Success,,Security,Info,Logon,DESKTOP-8LN1BLF,Audit Success
4672,2026-04-23 21:53:04,Audit Success,,Security,Info,Special Logon,DESKTOP-8LN1BLF,Audit Success
4624,2026-04-23 21:53:04,Audit Success,,Security,Info,Logon,DESKTOP-8LN1BLF,Audit Success
4798,2026-04-23 21:52:56,Audit Success,,Security,Info,User Account Management,DESKTOP-8LN1BLF,Audit Success
4798,2026-04-23 21:52:55,Audit Success,,Security,Info,User Account Management,DESKTOP-8LN1BLF,Audit Success
4672,2026-04-23 21:52:51,Audit Success,,Security,Info,Special Logon,DESKTOP-8LN1BLF,Audit Success
4624,2026-04-23 21:52:51,Audit Success,,Security,Info,Logon,DESKTOP-8LN1BLF,Audit Success
4672,2026-04-23 21:52:49,Audit Success,,Security,Info,Special Logon,DESKTOP-8LN1BLF,Audit Success
4624,2026-04-23 21:52:49,Audit Success,,Security,Info,Logon,DESKTOP-8LN1BLF,Audit Success
4798,2026-04-23 21:52:49,Audit Success,,Security,Info,User Account Management,DESKTOP-8LN1BLF,Audit Success
4798,2026-04-23 20:26:34,Audit Success,,Security,Info,User Account Management,DESKTOP-8LN1BLF,Audit Success
4672,2026-04-23 20:26:33,Audit Success,,Security,Info,Special Logon,DESKTOP-8LN1BLF,Audit Success
4624,2026-04-23 20:26:33,Audit Success,,Security,Info,Logon,DESKTOP-8LN1BLF,Audit Success
4798,2026-04-23 20:26:32,Audit Success,,Security,Info,User Account Management,DESKTOP-8LN1BLF,Audit Success
4798,2026-04-23 20:26:10,Audit Success,,Security,Info,User Account Management,DESKTOP-8LN1BLF,Audit Success
4798,2026-04-23 20:25:50,Audit Success,,Security,Info,User Account Management,DESKTOP-8LN1BLF,Audit Success
4798,2026-04-23 20:25:39,Audit Success,,Security,Info,User Account Management,DESKTOP-8LN1BLF,Audit Success
4798,2026-04-23 20:25:33,Audit Success,,Security,Info,User Account Management,DESKTOP-8LN1BLF,Audit Success
4798,2026-04-23 20:25:27,Audit Success,,Security,Info,User Account Management,DESKTOP-8LN1BLF,Audit Success
4798,2026-04-23 20:25:26,Audit Success,,Security,Info,User Account Management,DESKTOP-8LN1BLF,Audit Success
4798,2026-04-23 20:24:39,Audit Success,,Security,Info,User Account Management,DESKTOP-8LN1BLF,Audit Success
4798,2026-04-23 20:24:32,Audit Success,,Security,Info,User Account Management,DESKTOP-8LN1BLF,Audit Success
4798,2026-04-23 20:24:12,Audit Success,,Security,Info,User Account Management,DESKTOP-8LN1BLF,Audit Success
4798,2026-04-23 20:23:50,Audit Success,,Security,Info,User Account Management,DESKTOP-8LN1BLF,Audit Success
4798,2026-04-23 20:23:39,Audit Success,,Security,Info,User Account Management,DESKTOP-8LN1BLF,Audit Success
4798,2026-04-23 20:23:33,Audit Success,,Security,Info,User Account Management,DESKTOP-8LN1BLF,Audit Success
4798,2026-04-23 20:23:20,Audit Success,,Security,Info,User Account Management,DESKTOP-8LN1BLF,Audit Success
4798,2026-04-23 20:23:00,Audit Success,,Security,Info,User Account Management,DESKTOP-8LN1BLF,Audit Success
4798,2026-04-23 20:22:39,Audit Success,,Security,Info,User Account Management,DESKTOP-8LN1BLF,Audit Success
4798,2026-04-23 20:22:31,Audit Success,,Security,Info,User Account Management,DESKTOP-8LN1BLF,Audit Success
4798,2026-04-23 20:22:00,Audit Success,,Security,Info,User Account Management,DESKTOP-8LN1BLF,Audit Success
4798,2026-04-23 20:21:50,Audit Success,,Security,Info,User Account Management,DESKTOP-8LN1BLF,Audit Success
4798,2026-04-23 20:21:40,Audit Success,,Security,Info,User Account Management,DESKTOP-8LN1BLF,Audit Success
4798,2026-04-23 20:21:33,Audit Success,,Security,Info,User Account Management,DESKTOP-8LN1BLF,Audit Success
4798,2026-04-23 20:21:22,Audit Success,,Security,Info,User Account Management,DESKTOP-8LN1BLF,Audit Success
4798,2026-04-23 20:21:01,Audit Success,,Security,Info,User Account Management,DESKTOP-8LN1BLF,Audit Success
4798,2026-04-23 20:20:38,Audit Success,,Security,Info,User Account Management,DESKTOP-8LN1BLF,Audit Success
4798,2026-04-23 20:20:31,Audit Success,,Security,Info,User Account Management,DESKTOP-8LN1BLF,Audit Success
4798,2026-04-23 20:20:10,Audit Success,,Security,Info,User Account Management,DESKTOP-8LN1BLF,Audit Success
4672,2026-04-23 20:20:08,Audit Success,,Security,Info,Special Logon,DESKTOP-8LN1BLF,Audit Success
4624,2026-04-23 20:20:08,Audit Success,,Security,Info,Logon,DESKTOP-8LN1BLF,Audit Success
4798,2026-04-23 20:19:50,Audit Success,,Security,Info,User Account Management,DESKTOP-8LN1BLF,Audit Success
4798,2026-04-23 20:19:38,Audit Success,,Security,Info,User Account Management,DESKTOP-8LN1BLF,Audit Success
4798,2026-04-23 20:19:33,Audit Success,,Security,Info,User Account Management,DESKTOP-8LN1BLF,Audit Success
4907,2026-04-23 20:19:25,Audit Success,,Security,Info,Auditing settings on object were changed.,DESKTOP-8LN1BLF,Audit Success
4907,2026-04-23 20:19:23,Audit Success,,Security,Info,Auditing settings on object were changed.,DESKTOP-8LN1BLF,Audit Success
4798,2026-04-23 20:19:19,Audit Success,,Security,Info,User Account Management,DESKTOP-8LN1BLF,Audit Success
4672,2026-04-23 20:19:06,Audit Success,,Security,Info,Special Logon,DESKTOP-8LN1BLF,Audit Success
4624,2026-04-23 20:19:06,Audit Success,,Security,Info,Logon,DESKTOP-8LN1BLF,Audit Success
4798,2026-04-23 20:18:59,Audit Success,,Security,Info,User Account Management,DESKTOP-8LN1BLF,Audit Success
4798,2026-04-23 20:18:38,Audit Success,,Security,Info,User Account Management,DESKTOP-8LN1BLF,Audit Success
4798,2026-04-23 20:18:30,Audit Success,,Security,Info,User Account Management,DESKTOP-8LN1BLF,Audit Success
4798,2026-04-23 20:17:49,Audit Success,,Security,Info,User Account Management,DESKTOP-8LN1BLF,Audit Success
4798,2026-04-23 20:17:38,Audit Success,,Security,Info,User Account Management,DESKTOP-8LN1BLF,Audit Success
4798,2026-04-23 20:17:33,Audit Success,,Security,Info,User Account Management,DESKTOP-8LN1BLF,Audit Success
4798,2026-04-23 20:17:19,Audit Success,,Security,Info,User Account Management,DESKTOP-8LN1BLF,Audit Success
4798,2026-04-23 20:16:38,Audit Success,,Security,Info,User Account Management,DESKTOP-8LN1BLF,Audit Success
4798,2026-04-23 20:16:32,Audit Success,,Security,Info,User Account Management,DESKTOP-8LN1BLF,Audit Success
4798,2026-04-23 20:16:11,Audit Success,,Security,Info,User Account Management,DESKTOP-8LN1BLF,Audit Success
4798,2026-04-23 20:15:49,Audit Success,,Security,Info,User Account Management,DESKTOP-8LN1BLF,Audit Success
4798,2026-04-23 20:15:38,Audit Success,,Security,Info,User Account Management,DESKTOP-8LN1BLF,Audit Success
4798,2026-04-23 20:15:33,Audit Success,,Security,Info,User Account Management,DESKTOP-8LN1BLF,Audit Success
5379,2026-04-23 20:15:25,Audit Success,,Security,Info,User Account Management,DESKTOP-8LN1BLF,Audit Success
4798,2026-04-23 20:15:19,Audit Success,,Security,Info,User Account Management,DESKTOP-8LN1BLF,Audit Success
4672,2026-04-23 20:15:17,Audit Success,,Security,Info,Special Logon,DESKTOP-8LN1BLF,Audit Success
4624,2026-04-23 20:15:17,Audit Success,,Security,Info,Logon,DESKTOP-8LN1BLF,Audit Success
4798,2026-04-23 20:14:59,Audit Success,,Security,Info,User Account Management,DESKTOP-8LN1BLF,Audit Success
4798,2026-04-23 20:14:38,Audit Success,,Security,Info,User Account Management,DESKTOP-8LN1BLF,Audit Success
4798,2026-04-23 20:14:10,Audit Success,,Security,Info,User Account Management,DESKTOP-8LN1BLF,Audit Success
4798,2026-04-23 20:13:49,Audit Success,,Security,Info,User Account Management,DESKTOP-8LN1BLF,Audit Success
4798,2026-04-23 20:13:38,Audit Success,,Security,Info,User Account Management,DESKTOP-8LN1BLF,Audit Success
4798,2026-04-23 20:13:32,Audit Success,,Security,Info,User Account Management,DESKTOP-8LN1BLF,Audit Success
4798,2026-04-23 20:13:29,Audit Success,,Security,Info,User Account Management,DESKTOP-8LN1BLF,Audit Success
4798,2026-04-23 20:13:28,Audit Success,,Security,Info,User Account Management,DESKTOP-8LN1BLF,Audit Success
4798,2026-04-23 20:12:59,Audit Success,,Security,Info,User Account Management,DESKTOP-8LN1BLF,Audit Success
4798,2026-04-23 20:12:38,Audit Success,,Security,Info,User Account Management,DESKTOP-8LN1BLF,Audit Success
4798,2026-04-23 20:12:23,Audit Success,,Security,Info,User Account Management,DESKTOP-8LN1BLF,Audit Success
4798,2026-04-23 20:11:49,Audit Success,,Security,Info,User Account Management,DESKTOP-8LN1BLF,Audit Success
4798,2026-04-23 20:11:38,Audit Success,,Security,Info,User Account Management,DESKTOP-8LN1BLF,Audit Success
4798,2026-04-23 20:11:32,Audit Success,,Security,Info,User Account Management,DESKTOP-8LN1BLF,Audit Success
4798,2026-04-23 20:11:18,Audit Success,,Security,Info,User Account Management,DESKTOP-8LN1BLF,Audit Success
4798,2026-04-23 20:10:38,Audit Success,,Security,Info,User Account Management,DESKTOP-8LN1BLF,Audit Success
4798,2026-04-23 20:10:23,Audit Success,,Security,Info,User Account Management,DESKTOP-8LN1BLF,Audit Success
4798,2026-04-23 20:09:49,Audit Success,,Security,Info,User Account Management,DESKTOP-8LN1BLF,Audit Success
4798,2026-04-23 20:09:38,Audit Success,,Security,Info,User Account Management,DESKTOP-8LN1BLF,Audit Success
4798,2026-04-23 20:09:32,Audit Success,,Security,Info,User Account Management,DESKTOP-8LN1BLF,Audit Success
4798,2026-04-23 20:09:26,Audit Success,,Security,Info,User Account Management,DESKTOP-8LN1BLF,Audit Success
4798,2026-04-23 20:09:05,Audit Success,,Security,Info,User Account Management,DESKTOP-8LN1BLF,Audit Success
4798,2026-04-23 20:08:38,Audit Success,,Security,Info,User Account Management,DESKTOP-8LN1BLF,Audit Success
4798,2026-04-23 20:08:09,Audit Success,,Security,Info,User Account Management,DESKTOP-8LN1BLF,Audit Success
4798,2026-04-23 20:07:49,Audit Success,,Security,Info,User Account Management,DESKTOP-8LN1BLF,Audit Success
4798,2026-04-23 20:07:38,Audit Success,,Security,Info,User Account Management,DESKTOP-8LN1BLF,Audit Success
4798,2026-04-23 20:07:32,Audit Success,,Security,Info,User Account Management,DESKTOP-8LN1BLF,Audit Success
4798,2026-04-23 20:07:09,Audit Success,,Security,Info,User Account Management,DESKTOP-8LN1BLF,Audit Success
4798,2026-04-23 20:06:59,Audit Success,,Security,Info,User Account Management,DESKTOP-8LN1BLF,Audit Success
4798,2026-04-23 20:06:38,Audit Success,,Security,Info,User Account Management,DESKTOP-8LN1BLF,Audit Success
4798,2026-04-23 20:06:37,Audit Success,,Security,Info,User Account Management,DESKTOP-8LN1BLF,Audit Success
4798,2026-04-23 20:06:16,Audit Success,,Security,Info,User Account Management,DESKTOP-8LN1BLF,Audit Success
4798,2026-04-23 20:05:49,Audit Success,,Security,Info,User Account Management,DESKTOP-8LN1BLF,Audit Success
4798,2026-04-23 20:05:38,Audit Success,,Security,Info,User Account Management,DESKTOP-8LN1BLF,Audit Success
4798,2026-04-23 20:05:30,Audit Success,,Security,Info,User Account Management,DESKTOP-8LN1BLF,Audit Success
4798,2026-04-23 20:05:11,Audit Success,,Security,Info,User Account Management,DESKTOP-8LN1BLF,Audit Success
4798,2026-04-23 20:04:38,Audit Success,,Security,Info,User Account Management,DESKTOP-8LN1BLF,Audit Success
4798,2026-04-23 20:04:30,Audit Success,,Security,Info,User Account Management,DESKTOP-8LN1BLF,Audit Success
4798,2026-04-23 20:04:10,Audit Success,,Security,Info,User Account Management,DESKTOP-8LN1BLF,Audit Success
4798,2026-04-23 20:03:49,Audit Success,,Security,Info,User Account Management,DESKTOP-8LN1BLF,Audit Success
4798,2026-04-23 20:03:38,Audit Success,,Security,Info,User Account Management,DESKTOP-8LN1BLF,Audit Success
4798,2026-04-23 20:03:30,Audit Success,,Security,Info,User Account Management,DESKTOP-8LN1BLF,Audit Success
4798,2026-04-23 20:03:23,Audit Success,,Security,Info,User Account Management,DESKTOP-8LN1BLF,Audit Success
4798,2026-04-23 20:03:03,Audit Success,,Security,Info,User Account Management,DESKTOP-8LN1BLF,Audit Success
4907,2026-04-23 20:03:00,Audit Success,,Security,Info,Auditing settings on object were changed.,DESKTOP-8LN1BLF,Audit Success
4907,2026-04-23 20:02:59,Audit Success,,Security,Info,Auditing settings on object were changed.,DESKTOP-8LN1BLF,Audit Success
4907,2026-04-23 20:02:58,Audit Success,,Security,Info,Auditing settings on object were changed.,DESKTOP-8LN1BLF,Audit Success
4907,2026-04-23 20:02:57,Audit Success,,Security,Info,Auditing settings on object were changed.,DESKTOP-8LN1BLF,Audit Success
4907,2026-04-23 20:02:53,Audit Success,,Security,Info,Auditing settings on object were changed.,DESKTOP-8LN1BLF,Audit Success
4907,2026-04-23 20:02:52,Audit Success,,Security,Info,Auditing settings on object were changed.,DESKTOP-8LN1BLF,Audit Success
4798,2026-04-23 20:02:38,Audit Success,,Security,Info,User Account Management,DESKTOP-8LN1BLF,Audit Success
4798,2026-04-23 20:02:30,Audit Success,,Security,Info,User Account Management,DESKTOP-8LN1BLF,Audit Success
4907,2026-04-23 20:02:16,Audit Success,,Security,Info,Auditing settings on object were changed.,DESKTOP-8LN1BLF,Audit Success
4907,2026-04-23 20:02:15,Audit Success,,Security,Info,Auditing settings on object were changed.,DESKTOP-8LN1BLF,Audit Success
4798,2026-04-23 20:02:09,Audit Success,,Security,Info,User Account Management,DESKTOP-8LN1BLF,Audit Success
4798,2026-04-23 20:01:49,Audit Success,,Security,Info,User Account Management,DESKTOP-8LN1BLF,Audit Success
4798,2026-04-23 20:01:38,Audit Success,,Security,Info,User Account Management,DESKTOP-8LN1BLF,Audit Success
4798,2026-04-23 20:01:29,Audit Success,,Security,Info,User Account Management,DESKTOP-8LN1BLF,Audit Success
4798,2026-04-23 20:01:19,Audit Success,,Security,Info,User Account Management,DESKTOP-8LN1BLF,Audit Success
4798,2026-04-23 20:00:58,Audit Success,,Security,Info,User Account Management,DESKTOP-8LN1BLF,Audit Success
4798,2026-04-23 20:00:38,Audit Success,,Security,Info,User Account Management,DESKTOP-8LN1BLF,Audit Success
4672,2026-04-23 20:00:16,Audit Success,,Security,Info,Special Logon,DESKTOP-8LN1BLF,Audit Success
4624,2026-04-23 20:00:16,Audit Success,,Security,Info,Logon,DESKTOP-8LN1BLF,Audit Success
4798,2026-04-23 20:00:08,Audit Success,,Security,Info,User Account Management,DESKTOP-8LN1BLF,Audit Success
4907,2026-04-23 19:59:49,Audit Success,,Security,Info,Auditing settings on object were changed.,DESKTOP-8LN1BLF,Audit Success
4798,2026-04-23 19:59:47,Audit Success,,Security,Info,User Account Management,DESKTOP-8LN1BLF,Audit Success
4798,2026-04-23 19:59:38,Audit Success,,Security,Info,User Account Management,DESKTOP-8LN1BLF,Audit Success
4798,2026-04-23 19:59:29,Audit Success,,Security,Info,User Account Management,DESKTOP-8LN1BLF,Audit Success
4798,2026-04-23 19:59:19,Audit Success,,Security,Info,User Account Management,DESKTOP-8LN1BLF,Audit Success
4798,2026-04-23 19:58:58,Audit Success,,Security,Info,User Account Management,DESKTOP-8LN1BLF,Audit Success
4798,2026-04-23 19:58:38,Audit Success,,Security,Info,User Account Management,DESKTOP-8LN1BLF,Audit Success
4907,2026-04-23 19:58:19,Audit Success,,Security,Info,Auditing settings on object were changed.,DESKTOP-8LN1BLF,Audit Success
4907,2026-04-23 19:58:15,Audit Success,,Security,Info,Auditing settings on object were changed.,DESKTOP-8LN1BLF,Audit Success
4907,2026-04-23 19:58:14,Audit Success,,Security,Info,Auditing settings on object were changed.,DESKTOP-8LN1BLF,Audit Success
4798,2026-04-23 19:58:08,Audit Success,,Security,Info,User Account Management,DESKTOP-8LN1BLF,Audit Success
4798,2026-04-23 19:57:47,Audit Success,,Security,Info,User Account Management,DESKTOP-8LN1BLF,Audit Success
4798,2026-04-23 19:57:38,Audit Success,,Security,Info,User Account Management,DESKTOP-8LN1BLF,Audit Success
4907,2026-04-23 19:57:33,Audit Success,,Security,Info,Auditing settings on object were changed.,DESKTOP-8LN1BLF,Audit Success
4907,2026-04-23 19:57:31,Audit Success,,Security,Info,Auditing settings on object were changed.,DESKTOP-8LN1BLF,Audit Success
4907,2026-04-23 19:57:30,Audit Success,,Security,Info,Auditing settings on object were changed.,DESKTOP-8LN1BLF,Audit Success
4907,2026-04-23 19:57:29,Audit Success,,Security,Info,Auditing settings on object were changed.,DESKTOP-8LN1BLF,Audit Success
4798,2026-04-23 19:57:29,Audit Success,,Security,Info,User Account Management,DESKTOP-8LN1BLF,Audit Success
4907,2026-04-23 19:57:28,Audit Success,,Security,Info,Auditing settings on object were changed.,DESKTOP-8LN1BLF,Audit Success
4907,2026-04-23 19:57:27,Audit Success,,Security,Info,Auditing settings on object were changed.,DESKTOP-8LN1BLF,Audit Success
4907,2026-04-23 19:57:26,Audit Success,,Security,Info,Auditing settings on object were changed.,DESKTOP-8LN1BLF,Audit Success
4907,2026-04-23 19:57:25,Audit Success,,Security,Info,Auditing settings on object were changed.,DESKTOP-8LN1BLF,Audit Success
4907,2026-04-23 19:57:24,Audit Success,,Security,Info,Auditing settings on object were changed.,DESKTOP-8LN1BLF,Audit Success
4907,2026-04-23 19:57:23,Audit Success,,Security,Info,Auditing settings on object were changed.,DESKTOP-8LN1BLF,Audit Success
4907,2026-04-23 19:57:22,Audit Success,,Security,Info,Auditing settings on object were changed.,DESKTOP-8LN1BLF,Audit Success
4907,2026-04-23 19:57:21,Audit Success,,Security,Info,Auditing settings on object were changed.,DESKTOP-8LN1BLF,Audit Success
4907,2026-04-23 19:57:20,Audit Success,,Security,Info,Auditing settings on object were changed.,DESKTOP-8LN1BLF,Audit Success
4907,2026-04-23 19:57:19,Audit Success,,Security,Info,Auditing settings on object were changed.,DESKTOP-8LN1BLF,Audit Success
4907,2026-04-23 19:57:18,Audit Success,,Security,Info,Auditing settings on object were changed.,DESKTOP-8LN1BLF,Audit Success
4907,2026-04-23 19:57:17,Audit Success,,Security,Info,Auditing settings on object were changed.,DESKTOP-8LN1BLF,Audit Success
4907,2026-04-23 19:57:16,Audit Success,,Security,Info,Auditing settings on object were changed.,DESKTOP-8LN1BLF,Audit Success
4907,2026-04-23 19:57:14,Audit Success,,Security,Info,Auditing settings on object were changed.,DESKTOP-8LN1BLF,Audit Success
4798,2026-04-23 19:56:58,Audit Success,,Security,Info,User Account Management,DESKTOP-8LN1BLF,Audit Success
4672,2026-04-23 19:56:55,Audit Success,,Security,Info,Special Logon,DESKTOP-8LN1BLF,Audit Success
4624,2026-04-23 19:56:55,Audit Success,,Security,Info,Logon,DESKTOP-8LN1BLF,Audit Success
4907,2026-04-23 19:56:52,Audit Success,,Security,Info,Auditing settings on object were changed.,DESKTOP-8LN1BLF,Audit Success
4907,2026-04-23 19:56:51,Audit Success,,Security,Info,Auditing settings on object were changed.,DESKTOP-8LN1BLF,Audit Success
4907,2026-04-23 19:56:50,Audit Success,,Security,Info,Auditing settings on object were changed.,DESKTOP-8LN1BLF,Audit Success
4907,2026-04-23 19:56:49,Audit Success,,Security,Info,Auditing settings on object were changed.,DESKTOP-8LN1BLF,Audit Success
4907,2026-04-23 19:56:48,Audit Success,,Security,Info,Auditing settings on object were changed.,DESKTOP-8LN1BLF,Audit Success
4907,2026-04-23 19:56:47,Audit Success,,Security,Info,Auditing settings on object were changed.,DESKTOP-8LN1BLF,Audit Success
4907,2026-04-23 19:56:46,Audit Success,,Security,Info,Auditing settings on object were changed.,DESKTOP-8LN1BLF,Audit Success
5379,2026-05-31 02:32:38,Audit Success,N/A,Security,Info,User Account Management,DESKTOP-H1MUHGV,Audit Success
5379,2026-05-31 02:32:37,Audit Success,N/A,Security,Info,User Account Management,DESKTOP-H1MUHGV,Audit Success
5379,2026-05-31 02:32:35,Audit Success,N/A,Security,Info,User Account Management,DESKTOP-H1MUHGV,Audit Success
5379,2026-05-31 02:32:34,Audit Success,N/A,Security,Info,User Account Management,DESKTOP-H1MUHGV,Audit Success
5379,2026-05-31 02:32:28,Audit Success,N/A,Security,Info,User Account Management,DESKTOP-H1MUHGV,Audit Success
5379,2026-05-31 02:31:15,Audit Success,N/A,Security,Info,User Account Management,DESKTOP-H1MUHGV,Audit Success
5379,2026-05-31 02:31:14,Audit Success,N/A,Security,Info,User Account Management,DESKTOP-H1MUHGV,Audit Success
5379,2026-05-31 02:31:11,Audit Success,N/A,Security,Info,User Account Management,DESKTOP-H1MUHGV,Audit Success
5379,2026-05-31 02:31:10,Audit Success,N/A,Security,Info,User Account Management,DESKTOP-H1MUHGV,Audit Success
5379,2026-05-31 02:31:01,Audit Success,N/A,Security,Info,User Account Management,DESKTOP-H1MUHGV,Audit Success
5379,2026-05-31 02:31:00,Audit Success,N/A,Security,Info,User Account Management,DESKTOP-H1MUHGV,Audit Success
5379,2026-05-31 02:30:58,Audit Success,N/A,Security,Info,User Account Management,DESKTOP-H1MUHGV,Audit Success
5379,2026-05-31 02:30:57,Audit Success,N/A,Security,Info,User Account Management,DESKTOP-H1MUHGV,Audit Success
4672,2026-05-31 02:30:56,Audit Success,N/A,Security,Info,Special Logon,DESKTOP-H1MUHGV,Audit Success
4624,2026-05-31 02:30:56,Audit Success,N/A,Security,Info,Logon,DESKTOP-H1MUHGV,Audit Success
5061,2026-05-31 02:30:56,Audit Success,N/A,Security,Info,Cryptographic operation.,DESKTOP-H1MUHGV,Audit Success
5058,2026-05-31 02:30:56,Audit Success,N/A,Security,Info,Key file operation.,DESKTOP-H1MUHGV,Audit Success
5379,2026-05-31 02:30:55,Audit Success,N/A,Security,Info,User Account Management,DESKTOP-H1MUHGV,Audit Success
5379,2026-05-31 02:30:53,Audit Success,N/A,Security,Info,User Account Management,DESKTOP-H1MUHGV,Audit Success
5379,2026-05-31 02:30:52,Audit Success,N/A,Security,Info,User Account Management,DESKTOP-H1MUHGV,Audit Success
4672,2026-05-31 02:30:51,Audit Success,N/A,Security,Info,Special Logon,DESKTOP-H1MUHGV,Audit Success
4624,2026-05-31 02:30:51,Audit Success,N/A,Security,Info,Logon,DESKTOP-H1MUHGV,Audit Success
5379,2026-05-31 02:30:49,Audit Success,N/A,Security,Info,User Account Management,DESKTOP-H1MUHGV,Audit Success
5379,2026-05-31 02:30:48,Audit Success,N/A,Security,Info,User Account Management,DESKTOP-H1MUHGV,Audit Success
4672,2026-05-31 02:30:47,Audit Success,N/A,Security,Info,Special Logon,DESKTOP-H1MUHGV,Audit Success
4624,2026-05-31 02:30:47,Audit Success,N/A,Security,Info,Logon,DESKTOP-H1MUHGV,Audit Success
5379,2026-05-31 02:30:47,Audit Success,N/A,Security,Info,User Account Management,DESKTOP-H1MUHGV,Audit Success
5379,2026-05-31 02:30:46,Audit Success,N/A,Security,Info,User Account Management,DESKTOP-H1MUHGV,Audit Success
5379,2026-05-31 02:30:45,Audit Success,N/A,Security,Info,User Account Management,DESKTOP-H1MUHGV,Audit Success
5379,2026-05-31 02:30:44,Audit Success,N/A,Security,Info,User Account Management,DESKTOP-H1MUHGV,Audit Success
5379,2026-05-31 02:30:43,Audit Success,N/A,Security,Info,User Account Management,DESKTOP-H1MUHGV,Audit Success
5379,2026-05-31 02:30:42,Audit Success,N/A,Security,Info,User Account Management,DESKTOP-H1MUHGV,Audit Success
4634,2026-05-31 02:30:41,Audit Success,N/A,Security,Info,Logoff,DESKTOP-H1MUHGV,Audit Success
4672,2026-05-31 02:30:41,Audit Success,N/A,Security,Info,Special Logon,DESKTOP-H1MUHGV,Audit Success
4624,2026-05-31 02:30:41,Audit Success,N/A,Security,Info,Logon,DESKTOP-H1MUHGV,Audit Success
4648,2026-05-31 02:30:41,Audit Success,N/A,Security,Info,Logon,DESKTOP-H1MUHGV,Audit Success
5379,2026-05-31 02:30:36,Audit Success,N/A,Security,Info,User Account Management,DESKTOP-H1MUHGV,Audit Success
4672,2026-05-31 02:30:34,Audit Success,N/A,Security,Info,Special Logon,DESKTOP-H1MUHGV,Audit Success
4624,2026-05-31 02:30:34,Audit Success,N/A,Security,Info,Logon,DESKTOP-H1MUHGV,Audit Success
5379,2026-05-31 02:30:34,Audit Success,N/A,Security,Info,User Account Management,DESKTOP-H1MUHGV,Audit Success
4798,2026-05-31 02:30:31,Audit Success,N/A,Security,Info,User Account Management,DESKTOP-H1MUHGV,Audit Success
5379,2026-05-31 02:30:30,Audit Success,N/A,Security,Info,User Account Management,DESKTOP-H1MUHGV,Audit Success
5379,2026-05-31 02:30:29,Audit Success,N/A,Security,Info,User Account Management,DESKTOP-H1MUHGV,Audit Success
5379,2026-05-31 02:30:28,Audit Success,N/A,Security,Info,User Account Management,DESKTOP-H1MUHGV,Audit Success
4798,2026-05-31 02:30:27,Audit Success,N/A,Security,Info,User Account Management,DESKTOP-H1MUHGV,Audit Success
5059,2026-05-31 02:30:27,Audit Success,N/A,Security,Info,Key migration operation.,DESKTOP-H1MUHGV,Audit Success
5061,2026-05-31 02:30:27,Audit Success,N/A,Security,Info,Cryptographic operation.,DESKTOP-H1MUHGV,Audit Success
5058,2026-05-31 02:30:27,Audit Success,N/A,Security,Info,Key file operation.,DESKTOP-H1MUHGV,Audit Success
5379,2026-05-31 02:30:26,Audit Success,N/A,Security,Info,User Account Management,DESKTOP-H1MUHGV,Audit Success
4799,2026-05-31 02:30:26,Audit Success,N/A,Security,Info,A security-enabled local group membership was enumerated.,DESKTOP-H1MUHGV,Audit Success
4672,2026-05-31 02:30:26,Audit Success,N/A,Security,Info,Special Logon,DESKTOP-H1MUHGV,Audit Success
4624,2026-05-31 02:30:26,Audit Success,N/A,Security,Info,Logon,DESKTOP-H1MUHGV,Audit Success
4648,2026-05-31 02:30:26,Audit Success,N/A,Security,Info,Logon,DESKTOP-H1MUHGV,Audit Success
4634,2026-05-31 02:23:41,Audit Success,N/A,Security,Info,Logoff,DESKTOP-H1MUHGV,Audit Success
4634,2026-05-31 02:23:39,Audit Success,N/A,Security,Info,Logoff,DESKTOP-H1MUHGV,Audit Success
4798,2026-05-31 02:23:39,Audit Success,N/A,Security,Info,User Account Management,DESKTOP-H1MUHGV,Audit Success
4647,2026-05-31 02:23:38,Audit Success,N/A,Security,Info,Logoff,DESKTOP-H1MUHGV,Audit Success
4672,2026-05-31 02:23:36,Audit Success,N/A,Security,Info,Special Logon,DESKTOP-H1MUHGV,Audit Success
4624,2026-05-31 02:23:36,Audit Success,N/A,Security,Info,Logon,DESKTOP-H1MUHGV,Audit Success
4648,2026-05-31 02:23:36,Audit Success,N/A,Security,Info,Logon,DESKTOP-H1MUHGV,Audit Success
5379,2026-05-31 02:23:27,Audit Success,N/A,Security,Info,User Account Management,DESKTOP-H1MUHGV,Audit Success
4672,2026-05-31 02:23:12,Audit Success,N/A,Security,Info,Special Logon,DESKTOP-H1MUHGV,Audit Success
4624,2026-05-31 02:23:12,Audit Success,N/A,Security,Info,Logon,DESKTOP-H1MUHGV,Audit Success
4672,2026-05-31 02:23:09,Audit Success,N/A,Security,Info,Special Logon,DESKTOP-H1MUHGV,Audit Success
4624,2026-05-31 02:23:09,Audit Success,N/A,Security,Info,Logon,DESKTOP-H1MUHGV,Audit Success
5379,2026-05-31 02:20:14,Audit Success,N/A,Security,Info,User Account Management,DESKTOP-H1MUHGV,Audit Success
4672,2026-05-31 02:20:12,Audit Success,N/A,Security,Info,Special Logon,DESKTOP-H1MUHGV,Audit Success
4624,2026-05-31 02:20:12,Audit Success,N/A,Security,Info,Logon,DESKTOP-H1MUHGV,Audit Success
5379,2026-05-31 02:20:05,Audit Success,N/A,Security,Info,User Account Management,DESKTOP-H1MUHGV,Audit Success
5379,2026-05-31 02:19:59,Audit Success,N/A,Security,Info,User Account Management,DESKTOP-H1MUHGV,Audit Success
5379,2026-05-31 02:19:40,Audit Success,N/A,Security,Info,User Account Management,DESKTOP-H1MUHGV,Audit Success
5379,2026-05-31 02:18:52,Audit Success,N/A,Security,Info,User Account Management,DESKTOP-H1MUHGV,Audit Success
4672,2026-05-31 02:18:51,Audit Success,N/A,Security,Info,Special Logon,DESKTOP-H1MUHGV,Audit Success
4624,2026-05-31 02:18:51,Audit Success,N/A,Security,Info,Logon,DESKTOP-H1MUHGV,Audit Success
5379,2026-05-31 02:17:29,Audit Success,N/A,Security,Info,User Account Management,DESKTOP-H1MUHGV,Audit Success
5379,2026-05-31 02:17:19,Audit Success,N/A,Security,Info,User Account Management,DESKTOP-H1MUHGV,Audit Success
5379,2026-05-31 02:17:17,Audit Success,N/A,Security,Info,User Account Management,DESKTOP-H1MUHGV,Audit Success
5379,2026-05-31 02:17:11,Audit Success,N/A,Security,Info,User Account Management,DESKTOP-H1MUHGV,Audit Success
5379,2026-05-31 02:17:10,Audit Success,N/A,Security,Info,User Account Management,DESKTOP-H1MUHGV,Audit Success
5379,2026-05-31 02:17:06,Audit Success,N/A,Security,Info,User Account Management,DESKTOP-H1MUHGV,Audit Success
5379,2026-05-31 02:16:45,Audit Success,N/A,Security,Info,User Account Management,DESKTOP-H1MUHGV,Audit Success
5379,2026-05-31 02:16:30,Audit Success,N/A,Security,Info,User Account Management,DESKTOP-H1MUHGV,Audit Success
5379,2026-05-31 02:16:10,Audit Success,N/A,Security,Info,User Account Management,DESKTOP-H1MUHGV,Audit Success
5379,2026-05-31 02:16:09,Audit Success,N/A,Security,Info,User Account Management,DESKTOP-H1MUHGV,Audit Success
5379,2026-05-31 02:16:05,Audit Success,N/A,Security,Info,User Account Management,DESKTOP-H1MUHGV,Audit Success
5379,2026-05-31 02:16:02,Audit Success,N/A,Security,Info,User Account Management,DESKTOP-H1MUHGV,Audit Success
5379,2026-05-31 02:16:00,Audit Success,N/A,Security,Info,User Account Management,DESKTOP-H1MUHGV,Audit Success
4672,2026-05-31 02:15:59,Audit Success,N/A,Security,Info,Special Logon,DESKTOP-H1MUHGV,Audit Success
4624,2026-05-31 02:15:59,Audit Success,N/A,Security,Info,Logon,DESKTOP-H1MUHGV,Audit Success
5379,2026-05-31 02:15:54,Audit Success,N/A,Security,Info,User Account Management,DESKTOP-H1MUHGV,Audit Success
5379,2026-05-31 02:15:51,Audit Success,N/A,Security,Info,User Account Management,DESKTOP-H1MUHGV,Audit Success
5379,2026-05-31 02:15:50,Audit Success,N/A,Security,Info,User Account Management,DESKTOP-H1MUHGV,Audit Success
5379,2026-05-31 02:15:49,Audit Success,N/A,Security,Info,User Account Management,DESKTOP-H1MUHGV,Audit Success
5379,2026-05-31 02:15:48,Audit Success,N/A,Security,Info,User Account Management,DESKTOP-H1MUHGV,Audit Success
5379,2026-05-31 02:15:40,Audit Success,N/A,Security,Info,User Account Management,DESKTOP-H1MUHGV,Audit Success
5379,2026-05-31 02:15:39,Audit Success,N/A,Security,Info,User Account Management,DESKTOP-H1MUHGV,Audit Success
5379,2026-05-31 02:15:38,Audit Success,N/A,Security,Info,User Account Management,DESKTOP-H1MUHGV,Audit Success
4672,2026-05-31 02:15:37,Audit Success,N/A,Security,Info,Special Logon,DESKTOP-H1MUHGV,Audit Success
4624,2026-05-31 02:15:37,Audit Success,N/A,Security,Info,Logon,DESKTOP-H1MUHGV,Audit Success
5379,2026-05-31 02:15:28,Audit Success,N/A,Security,Info,User Account Management,DESKTOP-H1MUHGV,Audit Success
4672,2026-05-31 02:15:28,Audit Success,N/A,Security,Info,Special Logon,DESKTOP-H1MUHGV,Audit Success
4624,2026-05-31 02:15:28,Audit Success,N/A,Security,Info,Logon,DESKTOP-H1MUHGV,Audit Success
5379,2026-05-31 02:15:27,Audit Success,N/A,Security,Info,User Account Management,DESKTOP-H1MUHGV,Audit Success
4672,2026-05-31 02:15:26,Audit Success,N/A,Security,Info,Special Logon,DESKTOP-H1MUHGV,Audit Success
4624,2026-05-31 02:15:26,Audit Success,N/A,Security,Info,Logon,DESKTOP-H1MUHGV,Audit Success
5379,2026-05-31 02:13:04,Audit Success,N/A,Security,Info,User Account Management,DESKTOP-H1MUHGV,Audit Success
5379,2026-05-31 02:10:08,Audit Success,N/A,Security,Info,User Account Management,DESKTOP-H1MUHGV,Audit Success
5379,2026-05-31 02:07:16,Audit Success,N/A,Security,Info,User Account Management,DESKTOP-H1MUHGV,Audit Success
5379,2026-05-31 02:07:15,Audit Success,N/A,Security,Info,User Account Management,DESKTOP-H1MUHGV,Audit Success
5379,2026-05-31 02:04:25,Audit Success,N/A,Security,Info,User Account Management,DESKTOP-H1MUHGV,Audit Success
4672,2026-05-31 02:04:25,Audit Success,N/A,Security,Info,Special Logon,DESKTOP-H1MUHGV,Audit Success
4624,2026-05-31 02:04:25,Audit Success,N/A,Security,Info,Logon,DESKTOP-H1MUHGV,Audit Success
4672,2026-05-31 02:03:41,Audit Success,N/A,Security,Info,Special Logon,DESKTOP-H1MUHGV,Audit Success
4624,2026-05-31 02:03:41,Audit Success,N/A,Security,Info,Logon,DESKTOP-H1MUHGV,Audit Success
4634,2026-05-31 01:59:00,Audit Success,N/A,Security,Info,Logoff,DESKTOP-H1MUHGV,Audit Success
4672,2026-05-31 01:59:00,Audit Success,N/A,Security,Info,Special Logon,DESKTOP-H1MUHGV,Audit Success
4624,2026-05-31 01:59:00,Audit Success,N/A,Security,Info,Logon,DESKTOP-H1MUHGV,Audit Success
4648,2026-05-31 01:59:00,Audit Success,N/A,Security,Info,Logon,DESKTOP-H1MUHGV,Audit Success
4625,2026-05-31 01:58:54,Information,N/A,Security,Info,Logon,DESKTOP-H1MUHGV,Audit Failure
4672,2026-05-31 01:58:42,Audit Success,N/A,Security,Info,Special Logon,DESKTOP-H1MUHGV,Audit Success
4624,2026-05-31 01:58:42,Audit Success,N/A,Security,Info,Logon,DESKTOP-H1MUHGV,Audit Success
4672,2026-05-30 23:54:43,Audit Success,N/A,Security,Info,Special Logon,DESKTOP-H1MUHGV,Audit Success
4624,2026-05-30 23:54:43,Audit Success,N/A,Security,Info,Logon,DESKTOP-H1MUHGV,Audit Success
4798,2026-05-30 23:54:43,Audit Success,N/A,Security,Info,User Account Management,DESKTOP-H1MUHGV,Audit Success
4672,2026-05-30 23:47:22,Audit Success,N/A,Security,Info,Special Logon,DESKTOP-H1MUHGV,Audit Success
4624,2026-05-30 23:47:22,Audit Success,N/A,Security,Info,Logon,DESKTOP-H1MUHGV,Audit Success
4672,2026-05-30 23:42:15,Audit Success,N/A,Security,Info,Special Logon,DESKTOP-H1MUHGV,Audit Success
4624,2026-05-30 23:42:15,Audit Success,N/A,Security,Info,Logon,DESKTOP-H1MUHGV,Audit Success
4672,2026-05-30 23:36:39,Audit Success,N/A,Security,Info,Special Logon,DESKTOP-H1MUHGV,Audit Success
4624,2026-05-30 23:36:39,Audit Success,N/A,Security,Info,Logon,DESKTOP-H1MUHGV,Audit Success
4672,2026-05-30 23:26:14,Audit Success,N/A,Security,Info,Special Logon,DESKTOP-H1MUHGV,Audit Success
4624,2026-05-30 23:26:14,Audit Success,N/A,Security,Info,Logon,DESKTOP-H1MUHGV,Audit Success
4672,2026-05-30 23:24:18,Audit Success,N/A,Security,Info,Special Logon,DESKTOP-H1MUHGV,Audit Success
4624,2026-05-30 23:24:18,Audit Success,N/A,Security,Info,Logon,DESKTOP-H1MUHGV,Audit Success
4672,2026-05-30 23:23:24,Audit Success,N/A,Security,Info,Special Logon,DESKTOP-H1MUHGV,Audit Success
4624,2026-05-30 23:23:24,Audit Success,N/A,Security,Info,Logon,DESKTOP-H1MUHGV,Audit Success
4672,2026-05-30 23:22:36,Audit Success,N/A,Security,Info,Special Logon,DESKTOP-H1MUHGV,Audit Success
4624,2026-05-30 23:22:36,Audit Success,N/A,Security,Info,Logon,DESKTOP-H1MUHGV,Audit Success
4672,2026-05-30 23:22:32,Audit Success,N/A,Security,Info,Special Logon,DESKTOP-H1MUHGV,Audit Success
4624,2026-05-30 23:22:32,Audit Success,N/A,Security,Info,Logon,DESKTOP-H1MUHGV,Audit Success
4672,2026-05-30 23:21:31,Audit Success,N/A,Security,Info,Special Logon,DESKTOP-H1MUHGV,Audit Success
4624,2026-05-30 23:21:31,Audit Success,N/A,Security,Info,Logon,DESKTOP-H1MUHGV,Audit Success
4672,2026-05-30 23:21:27,Audit Success,N/A,Security,Info,Special Logon,DESKTOP-H1MUHGV,Audit Success
4624,2026-05-30 23:21:27,Audit Success,N/A,Security,Info,Logon,DESKTOP-H1MUHGV,Audit Success
4672,2026-05-30 23:13:15,Audit Success,N/A,Security,Info,Special Logon,DESKTOP-H1MUHGV,Audit Success
4624,2026-05-30 23:13:15,Audit Success,N/A,Security,Info,Logon,DESKTOP-H1MUHGV,Audit Success
5379,2026-05-30 23:11:59,Audit Success,N/A,Security,Info,User Account Management,DESKTOP-H1MUHGV,Audit Success
4672,2026-05-30 23:11:59,Audit Success,N/A,Security,Info,Special Logon,DESKTOP-H1MUHGV,Audit Success
4624,2026-05-30 23:11:59,Audit Success,N/A,Security,Info,Logon,DESKTOP-H1MUHGV,Audit Success
5379,2026-05-30 23:05:16,Audit Success,N/A,Security,Info,User Account Management,DESKTOP-H1MUHGV,Audit Success
5379,2026-05-30 23:05:15,Audit Success,N/A,Security,Info,User Account Management,DESKTOP-H1MUHGV,Audit Success
5379,2026-05-30 23:05:07,Audit Success,N/A,Security,Info,User Account Management,DESKTOP-H1MUHGV,Audit Success
4672,2026-05-30 23:05:07,Audit Success,N/A,Security,Info,Special Logon,DESKTOP-H1MUHGV,Audit Success
4624,2026-05-30 23:05:07,Audit Success,N/A,Security,Info,Logon,DESKTOP-H1MUHGV,Audit Success
4672,2026-05-30 22:58:25,Audit Success,N/A,Security,Info,Special Logon,DESKTOP-H1MUHGV,Audit Success
4624,2026-05-30 22:58:25,Audit Success,N/A,Security,Info,Logon,DESKTOP-H1MUHGV,Audit Success
4672,2026-05-30 22:55:00,Audit Success,N/A,Security,Info,Special Logon,DESKTOP-H1MUHGV,Audit Success
4624,2026-05-30 22:55:00,Audit Success,N/A,Security,Info,Logon,DESKTOP-H1MUHGV,Audit Success
4672,2026-05-30 22:54:25,Audit Success,N/A,Security,Info,Special Logon,DESKTOP-H1MUHGV,Audit Success
4624,2026-05-30 22:54:25,Audit Success,N/A,Security,Info,Logon,DESKTOP-H1MUHGV,Audit Success
4672,2026-05-30 22:50:25,Audit Success,N/A,Security,Info,Special Logon,DESKTOP-H1MUHGV,Audit Success
4624,2026-05-30 22:50:25,Audit Success,N/A,Security,Info,Logon,DESKTOP-H1MUHGV,Audit Success
4672,2026-05-30 22:49:00,Audit Success,N/A,Security,Info,Special Logon,DESKTOP-H1MUHGV,Audit Success
4624,2026-05-30 22:49:00,Audit Success,N/A,Security,Info,Logon,DESKTOP-H1MUHGV,Audit Success
4672,2026-05-30 22:44:13,Audit Success,N/A,Security,Info,Special Logon,DESKTOP-H1MUHGV,Audit Success
4624,2026-05-30 22:44:13,Audit Success,N/A,Security,Info,Logon,DESKTOP-H1MUHGV,Audit Success
4672,2026-05-30 22:43:45,Audit Success,N/A,Security,Info,Special Logon,DESKTOP-H1MUHGV,Audit Success
4624,2026-05-30 22:43:45,Audit Success,N/A,Security,Info,Logon,DESKTOP-H1MUHGV,Audit Success
4672,2026-05-30 22:40:13,Audit Success,N/A,Security,Info,Special Logon,DESKTOP-H1MUHGV,Audit Success
4624,2026-05-30 22:40:13,Audit Success,N/A,Security,Info,Logon,DESKTOP-H1MUHGV,Audit Success
4672,2026-05-30 22:38:15,Audit Success,N/A,Security,Info,Special Logon,DESKTOP-H1MUHGV,Audit Success
4624,2026-05-30 22:38:15,Audit Success,N/A,Security,Info,Logon,DESKTOP-H1MUHGV,Audit Success
5379,2026-05-30 22:31:01,Audit Success,N/A,Security,Info,User Account Management,DESKTOP-H1MUHGV,Audit Success
5379,2026-05-30 22:31:00,Audit Success,N/A,Security,Info,User Account Management,DESKTOP-H1MUHGV,Audit Success
4672,2026-05-30 22:30:50,Audit Success,N/A,Security,Info,Special Logon,DESKTOP-H1MUHGV,Audit Success
4624,2026-05-30 22:30:50,Audit Success,N/A,Security,Info,Logon,DESKTOP-H1MUHGV,Audit Success
4672,2026-05-30 22:30:48,Audit Success,N/A,Security,Info,Special Logon,DESKTOP-H1MUHGV,Audit Success
4624,2026-05-30 22:30:48,Audit Success,N/A,Security,Info,Logon,DESKTOP-H1MUHGV,Audit Success
5379,2026-05-30 22:30:48,Audit Success,N/A,Security,Info,User Account Management,DESKTOP-H1MUHGV,Audit Success
4672,2026-05-30 22:30:45,Audit Success,N/A,Security,Info,Special Logon,DESKTOP-H1MUHGV,Audit Success
4624,2026-05-30 22:30:45,Audit Success,N/A,Security,Info,Logon,DESKTOP-H1MUHGV,Audit Success
4672,2026-05-30 22:24:35,Audit Success,N/A,Security,Info,Special Logon,DESKTOP-H1MUHGV,Audit Success
4624,2026-05-30 22:24:35,Audit Success,N/A,Security,Info,Logon,DESKTOP-H1MUHGV,Audit Success
4672,2026-05-30 22:23:34,Audit Success,N/A,Security,Info,Special Logon,DESKTOP-H1MUHGV,Audit Success
4624,2026-05-30 22:23:34,Audit Success,N/A,Security,Info,Logon,DESKTOP-H1MUHGV,Audit Success
4672,2026-05-30 22:17:44,Audit Success,N/A,Security,Info,Special Logon,DESKTOP-H1MUHGV,Audit Success
4624,2026-05-30 22:17:44,Audit Success,N/A,Security,Info,Logon,DESKTOP-H1MUHGV,Audit Success
4799,2026-05-30 22:17:33,Audit Success,N/A,Security,Info,A security-enabled local group membership was enumerated.,DESKTOP-H1MUHGV,Audit Success
4672,2026-05-30 22:17:29,Audit Success,N/A,Security,Info,Special Logon,DESKTOP-H1MUHGV,Audit Success
4624,2026-05-30 22:17:29,Audit Success,N/A,Security,Info,Logon,DESKTOP-H1MUHGV,Audit Success
4672,2026-05-30 22:17:13,Audit Success,N/A,Security,Info,Special Logon,DESKTOP-H1MUHGV,Audit Success
4624,2026-05-30 22:17:13,Audit Success,N/A,Security,Info,Logon,DESKTOP-H1MUHGV,Audit Success
5379,2026-05-30 22:17:10,Audit Success,N/A,Security,Info,User Account Management,DESKTOP-H1MUHGV,Audit Success
4798,2026-05-30 22:17:10,Audit Success,N/A,Security,Info,User Account Management,DESKTOP-H1MUHGV,Audit Success
4672,2026-05-30 22:17:10,Audit Success,N/A,Security,Info,Special Logon,DESKTOP-H1MUHGV,Audit Success
4624,2026-05-30 22:17:10,Audit Success,N/A,Security,Info,Logon,DESKTOP-H1MUHGV,Audit Success
4672,2026-05-30 22:16:14,Audit Success,N/A,Security,Info,Special Logon,DESKTOP-H1MUHGV,Audit Success
4624,2026-05-30 22:16:14,Audit Success,N/A,Security,Info,Logon,DESKTOP-H1MUHGV,Audit Success
5379,2026-05-30 22:10:00,Audit Success,N/A,Security,Info,User Account Management,DESKTOP-H1MUHGV,Audit Success
5379,2026-05-30 22:09:47,Audit Success,N/A,Security,Info,User Account Management,DESKTOP-H1MUHGV,Audit Success
4672,2026-05-30 22:09:47,Audit Success,N/A,Security,Info,Special Logon,DESKTOP-H1MUHGV,Audit Success
4624,2026-05-30 22:09:47,Audit Success,N/A,Security,Info,Logon,DESKTOP-H1MUHGV,Audit Success
4672,2026-05-30 22:07:45,Audit Success,N/A,Security,Info,Special Logon,DESKTOP-H1MUHGV,Audit Success
4624,2026-05-30 22:07:45,Audit Success,N/A,Security,Info,Logon,DESKTOP-H1MUHGV,Audit Success
4634,2026-05-30 22:02:03,Audit Success,N/A,Security,Info,Logoff,DESKTOP-H1MUHGV,Audit Success
4672,2026-05-30 22:02:03,Audit Success,N/A,Security,Info,Special Logon,DESKTOP-H1MUHGV,Audit Success
4624,2026-05-30 22:02:03,Audit Success,N/A,Security,Info,Logon,DESKTOP-H1MUHGV,Audit Success
4648,2026-05-30 22:02:03,Audit Success,N/A,Security,Info,Logon,DESKTOP-H1MUHGV,Audit Success
4672,2026-05-30 22:01:52,Audit Success,N/A,Security,Info,Special Logon,DESKTOP-H1MUHGV,Audit Success
4624,2026-05-30 22:01:52,Audit Success,N/A,Security,Info,Logon,DESKTOP-H1MUHGV,Audit Success
4672,2026-05-30 22:01:51,Audit Success,N/A,Security,Info,Special Logon,DESKTOP-H1MUHGV,Audit Success
4624,2026-05-30 22:01:51,Audit Success,N/A,Security,Info,Logon,DESKTOP-H1MUHGV,Audit Success
4672,2026-05-30 20:28:54,Audit Success,N/A,Security,Info,Special Logon,DESKTOP-H1MUHGV,Audit Success
4624,2026-05-30 20:28:54,Audit Success,N/A,Security,Info,Logon,DESKTOP-H1MUHGV,Audit Success
4672,2026-05-30 20:18:29,Audit Success,N/A,Security,Info,Special Logon,DESKTOP-H1MUHGV,Audit Success
4624,2026-05-30 20:18:29,Audit Success,N/A,Security,Info,Logon,DESKTOP-H1MUHGV,Audit Success
4672,2026-05-30 20:18:15,Audit Success,N/A,Security,Info,Special Logon,DESKTOP-H1MUHGV,Audit Success
4624,2026-05-30 20:18:15,Audit Success,N/A,Security,Info,Logon,DESKTOP-H1MUHGV,Audit Success
4672,2026-05-30 20:16:08,Audit Success,N/A,Security,Info,Special Logon,DESKTOP-H1MUHGV,Audit Success
4624,2026-05-30 20:16:08,Audit Success,N/A,Security,Info,Logon,DESKTOP-H1MUHGV,Audit Success
4672,2026-05-30 20:00:17,Audit Success,N/A,Security,Info,Special Logon,DESKTOP-H1MUHGV,Audit Success
4624,2026-05-30 20:00:17,Audit Success,N/A,Security,Info,Logon,DESKTOP-H1MUHGV,Audit Success
4798,2026-05-30 19:59:21,Audit Success,N/A,Security,Info,User Account Management,DESKTOP-H1MUHGV,Audit Success
4672,2026-05-30 19:56:52,Audit Success,N/A,Security,Info,Special Logon,DESKTOP-H1MUHGV,Audit Success
4624,2026-05-30 19:56:52,Audit Success,N/A,Security,Info,Logon,DESKTOP-H1MUHGV,Audit Success
4672,2026-05-30 19:56:51,Audit Success,N/A,Security,Info,Special Logon,DESKTOP-H1MUHGV,Audit Success
4624,2026-05-30 19:56:51,Audit Success,N/A,Security,Info,Logon,DESKTOP-H1MUHGV,Audit Success
4672,2026-05-30 19:55:30,Audit Success,N/A,Security,Info,Special Logon,DESKTOP-H1MUHGV,Audit Success
4624,2026-05-30 19:55:30,Audit Success,N/A,Security,Info,Logon,DESKTOP-H1MUHGV,Audit Success
4672,2026-05-30 19:48:11,Audit Success,N/A,Security,Info,Special Logon,DESKTOP-H1MUHGV,Audit Success
4624,2026-05-30 19:48:11,Audit Success,N/A,Security,Info,Logon,DESKTOP-H1MUHGV,Audit Success
4798,2026-05-30 19:48:11,Audit Success,N/A,Security,Info,User Account Management,DESKTOP-H1MUHGV,Audit Success
4616,2026-05-30 19:48:11,Audit Success,N/A,Security,Info,The system time was changed.,DESKTOP-H1MUHGV,Audit Success
4672,2026-05-30 19:41:01,Audit Success,N/A,Security,Info,Special Logon,DESKTOP-H1MUHGV,Audit Success
4624,2026-05-30 19:41:01,Audit Success,N/A,Security,Info,Logon,DESKTOP-H1MUHGV,Audit Success
4672,2026-05-30 19:37:34,Audit Success,N/A,Security,Info,Special Logon,DESKTOP-H1MUHGV,Audit Success
4624,2026-05-30 19:37:34,Audit Success,N/A,Security,Info,Logon,DESKTOP-H1MUHGV,Audit Success
4672,2026-05-30 19:37:33,Audit Success,N/A,Security,Info,Special Logon,DESKTOP-H1MUHGV,Audit Success
4624,2026-05-30 19:37:33,Audit Success,N/A,Security,Info,Logon,DESKTOP-H1MUHGV,Audit Success
4672,2026-05-30 19:34:28,Audit Success,N/A,Security,Info,Special Logon,DESKTOP-H1MUHGV,Audit Success
4624,2026-05-30 19:34:28,Audit Success,N/A,Security,Info,Logon,DESKTOP-H1MUHGV,Audit Success
5379,2026-05-30 19:24:27,Audit Success,N/A,Security,Info,User Account Management,DESKTOP-H1MUHGV,Audit Success
5379,2026-05-30 19:24:24,Audit Success,N/A,Security,Info,User Account Management,DESKTOP-H1MUHGV,Audit Success
5379,2026-05-30 19:21:40,Audit Success,N/A,Security,Info,User Account Management,DESKTOP-H1MUHGV,Audit Success
5379,2026-05-30 19:21:39,Audit Success,N/A,Security,Info,User Account Management,DESKTOP-H1MUHGV,Audit Success
4672,2026-05-30 19:20:41,Audit Success,N/A,Security,Info,Special Logon,DESKTOP-H1MUHGV,Audit Success
4624,2026-05-30 19:20:41,Audit Success,N/A,Security,Info,Logon,DESKTOP-H1MUHGV,Audit Success
5379,2026-05-30 19:20:38,Audit Success,N/A,Security,Info,User Account Management,DESKTOP-H1MUHGV,Audit Success
5379,2026-05-30 19:20:33,Audit Success,N/A,Security,Info,User Account Management,DESKTOP-H1MUHGV,Audit Success
5379,2026-05-30 19:20:32,Audit Success,N/A,Security,Info,User Account Management,DESKTOP-H1MUHGV,Audit Success
4672,2026-05-30 19:20:25,Audit Success,N/A,Security,Info,Special Logon,DESKTOP-H1MUHGV,Audit Success
4624,2026-05-30 19:20:25,Audit Success,N/A,Security,Info,Logon,DESKTOP-H1MUHGV,Audit Success
5379,2026-05-30 19:20:25,Audit Success,N/A,Security,Info,User Account Management,DESKTOP-H1MUHGV,Audit Success
5379,2026-05-30 19:20:24,Audit Success,N/A,Security,Info,User Account Management,DESKTOP-H1MUHGV,Audit Success
4672,2026-05-30 19:20:24,Audit Success,N/A,Security,Info,Special Logon,DESKTOP-H1MUHGV,Audit Success
4624,2026-05-30 19:20:24,Audit Success,N/A,Security,Info,Logon,DESKTOP-H1MUHGV,Audit Success
5379,2026-05-30 19:20:23,Audit Success,N/A,Security,Info,User Account Management,DESKTOP-H1MUHGV,Audit Success
4672,2026-05-30 19:20:23,Audit Success,N/A,Security,Info,Special Logon,DESKTOP-H1MUHGV,Audit Success
4624,2026-05-30 19:20:23,Audit Success,N/A,Security,Info,Logon,DESKTOP-H1MUHGV,Audit Success
4672,2026-05-30 19:19:45,Audit Success,N/A,Security,Info,Special Logon,DESKTOP-H1MUHGV,Audit Success
4624,2026-05-30 19:19:45,Audit Success,N/A,Security,Info,Logon,DESKTOP-H1MUHGV,Audit Success
5061,2026-05-30 19:19:45,Audit Success,N/A,Security,Info,Cryptographic operation.,DESKTOP-H1MUHGV,Audit Success
5058,2026-05-30 19:19:45,Audit Success,N/A,Security,Info,Key file operation.,DESKTOP-H1MUHGV,Audit Success
4672,2026-05-30 19:18:02,Audit Success,N/A,Security,Info,Special Logon,DESKTOP-H1MUHGV,Audit Success
4624,2026-05-30 19:18:02,Audit Success,N/A,Security,Info,Logon,DESKTOP-H1MUHGV,Audit Success
4672,2026-05-30 19:18:01,Audit Success,N/A,Security,Info,Special Logon,DESKTOP-H1MUHGV,Audit Success
4624,2026-05-30 19:18:01,Audit Success,N/A,Security,Info,Logon,DESKTOP-H1MUHGV,Audit Success
4672,2026-05-30 19:16:07,Audit Success,N/A,Security,Info,Special Logon,DESKTOP-H1MUHGV,Audit Success
4624,2026-05-30 19:16:07,Audit Success,N/A,Security,Info,Logon,DESKTOP-H1MUHGV,Audit Success
5379,2026-05-30 19:13:39,Audit Success,N/A,Security,Info,User Account Management,DESKTOP-H1MUHGV,Audit Success
4672,2026-05-30 19:13:39,Audit Success,N/A,Security,Info,Special Logon,DESKTOP-H1MUHGV,Audit Success
4624,2026-05-30 19:13:39,Audit Success,N/A,Security,Info,Logon,DESKTOP-H1MUHGV,Audit Success
5379,2026-05-30 19:08:14,Audit Success,N/A,Security,Info,User Account Management,DESKTOP-H1MUHGV,Audit Success
5379,2026-05-30 19:06:38,Audit Success,N/A,Security,Info,User Account Management,DESKTOP-H1MUHGV,Audit Success
5379,2026-05-30 19:06:37,Audit Success,N/A,Security,Info,User Account Management,DESKTOP-H1MUHGV,Audit Success
5379,2026-05-30 19:05:29,Audit Success,N/A,Security,Info,User Account Management,DESKTOP-H1MUHGV,Audit Success
5379,2026-05-30 19:05:17,Audit Success,N/A,Security,Info,User Account Management,DESKTOP-H1MUHGV,Audit Success
5379,2026-05-30 19:04:26,Audit Success,N/A,Security,Info,User Account Management,DESKTOP-H1MUHGV,Audit Success
5379,2026-05-30 19:04:04,Audit Success,N/A,Security,Info,User Account Management,DESKTOP-H1MUHGV,Audit Success
5379,2026-05-30 19:04:03,Audit Success,N/A,Security,Info,User Account Management,DESKTOP-H1MUHGV,Audit Success
5379,2026-05-30 19:03:18,Audit Success,N/A,Security,Info,User Account Management,DESKTOP-H1MUHGV,Audit Success
5379,2026-05-30 19:02:53,Audit Success,N/A,Security,Info,User Account Management,DESKTOP-H1MUHGV,Audit Success
5379,2026-05-30 19:02:38,Audit Success,N/A,Security,Info,User Account Management,DESKTOP-H1MUHGV,Audit Success
4672,2026-05-30 19:01:56,Audit Success,N/A,Security,Info,Special Logon,DESKTOP-H1MUHGV,Audit Success
4624,2026-05-30 19:01:56,Audit Success,N/A,Security,Info,Logon,DESKTOP-H1MUHGV,Audit Success
4634,2026-05-30 19:01:56,Audit Success,N/A,Security,Info,Logoff,DESKTOP-H1MUHGV,Audit Success
4648,2026-05-30 19:01:56,Audit Success,N/A,Security,Info,Logon,DESKTOP-H1MUHGV,Audit Success
4672,2026-05-30 19:01:54,Audit Success,N/A,Security,Info,Special Logon,DESKTOP-H1MUHGV,Audit Success
4624,2026-05-30 19:01:54,Audit Success,N/A,Security,Info,Logon,DESKTOP-H1MUHGV,Audit Success
5379,2026-05-30 19:01:53,Audit Success,N/A,Security,Info,User Account Management,DESKTOP-H1MUHGV,Audit Success
4799,2026-05-30 19:01:53,Audit Success,N/A,Security,Info,A security-enabled local group membership was enumerated.,DESKTOP-H1MUHGV,Audit Success
5379,2026-05-30 19:01:48,Audit Success,N/A,Security,Info,User Account Management,DESKTOP-H1MUHGV,Audit Success
4672,2026-05-30 19:01:48,Audit Success,N/A,Security,Info,Special Logon,DESKTOP-H1MUHGV,Audit Success
4624,2026-05-30 19:01:48,Audit Success,N/A,Security,Info,Logon,DESKTOP-H1MUHGV,Audit Success
4798,2026-05-30 19:01:37,Audit Success,N/A,Security,Info,User Account Management,DESKTOP-H1MUHGV,Audit Success
5379,2026-05-30 19:01:35,Audit Success,N/A,Security,Info,User Account Management,DESKTOP-H1MUHGV,Audit Success
5379,2026-05-30 19:01:34,Audit Success,N/A,Security,Info,User Account Management,DESKTOP-H1MUHGV,Audit Success
4798,2026-05-30 19:01:33,Audit Success,N/A,Security,Info,User Account Management,DESKTOP-H1MUHGV,Audit Success
5059,2026-05-30 19:01:33,Audit Success,N/A,Security,Info,Key migration operation.,DESKTOP-H1MUHGV,Audit Success
5061,2026-05-30 19:01:33,Audit Success,N/A,Security,Info,Cryptographic operation.,DESKTOP-H1MUHGV,Audit Success
5058,2026-05-30 19:01:33,Audit Success,N/A,Security,Info,Key file operation.,DESKTOP-H1MUHGV,Audit Success
5379,2026-05-30 19:01:32,Audit Success,N/A,Security,Info,User Account Management,DESKTOP-H1MUHGV,Audit Success
4799,2026-05-30 19:01:32,Audit Success,N/A,Security,Info,A security-enabled local group membership was enumerated.,DESKTOP-H1MUHGV,Audit Success
4672,2026-05-30 19:01:32,Audit Success,N/A,Security,Info,Special Logon,DESKTOP-H1MUHGV,Audit Success
4624,2026-05-30 19:01:32,Audit Success,N/A,Security,Info,Logon,DESKTOP-H1MUHGV,Audit Success
4648,2026-05-30 19:01:32,Audit Success,N/A,Security,Info,Logon,DESKTOP-H1MUHGV,Audit Success
4634,2026-05-30 18:07:21,Audit Success,N/A,Security,Info,Logoff,DESKTOP-H1MUHGV,Audit Success
4634,2026-05-30 18:07:19,Audit Success,N/A,Security,Info,Logoff,DESKTOP-H1MUHGV,Audit Success
4672,2026-05-30 18:07:19,Audit Success,N/A,Security,Info,Special Logon,DESKTOP-H1MUHGV,Audit Success
4624,2026-05-30 18:07:19,Audit Success,N/A,Security,Info,Logon,DESKTOP-H1MUHGV,Audit Success
4798,2026-05-30 18:07:18,Audit Success,N/A,Security,Info,User Account Management,DESKTOP-H1MUHGV,Audit Success
4647,2026-05-30 18:07:18,Audit Success,N/A,Security,Info,Logoff,DESKTOP-H1MUHGV,Audit Success
4672,2026-05-30 18:07:18,Audit Success,N/A,Security,Info,Special Logon,DESKTOP-H1MUHGV,Audit Success
4624,2026-05-30 18:07:18,Audit Success,N/A,Security,Info,Logon,DESKTOP-H1MUHGV,Audit Success
4672,2026-05-30 18:07:16,Audit Success,N/A,Security,Info,Special Logon,DESKTOP-H1MUHGV,Audit Success
4624,2026-05-30 18:07:16,Audit Success,N/A,Security,Info,Logon,DESKTOP-H1MUHGV,Audit Success
4648,2026-05-30 18:07:16,Audit Success,N/A,Security,Info,Logon,DESKTOP-H1MUHGV,Audit Success
5379,2026-05-30 18:07:10,Audit Success,N/A,Security,Info,User Account Management,DESKTOP-H1MUHGV,Audit Success
5379,2026-05-30 18:04:46,Audit Success,N/A,Security,Info,User Account Management,DESKTOP-H1MUHGV,Audit Success
5379,2026-05-30 18:04:45,Audit Success,N/A,Security,Info,User Account Management,DESKTOP-H1MUHGV,Audit Success
5379,2026-05-30 18:04:44,Audit Success,N/A,Security,Info,User Account Management,DESKTOP-H1MUHGV,Audit Success
4672,2026-05-30 18:04:44,Audit Success,N/A,Security,Info,Special Logon,DESKTOP-H1MUHGV,Audit Success
4624,2026-05-30 18:04:44,Audit Success,N/A,Security,Info,Logon,DESKTOP-H1MUHGV,Audit Success
4672,2026-05-30 18:04:35,Audit Success,N/A,Security,Info,Special Logon,DESKTOP-H1MUHGV,Audit Success
4624,2026-05-30 18:04:35,Audit Success,N/A,Security,Info,Logon,DESKTOP-H1MUHGV,Audit Success
4672,2026-05-30 18:01:40,Audit Success,N/A,Security,Info,Special Logon,DESKTOP-H1MUHGV,Audit Success
4624,2026-05-30 18:01:40,Audit Success,N/A,Security,Info,Logon,DESKTOP-H1MUHGV,Audit Success
4672,2026-05-30 17:58:57,Audit Success,N/A,Security,Info,Special Logon,DESKTOP-H1MUHGV,Audit Success
4624,2026-05-30 17:58:57,Audit Success,N/A,Security,Info,Logon,DESKTOP-H1MUHGV,Audit Success
4672,2026-05-30 17:47:22,Audit Success,N/A,Security,Info,Special Logon,DESKTOP-H1MUHGV,Audit Success
4624,2026-05-30 17:47:22,Audit Success,N/A,Security,Info,Logon,DESKTOP-H1MUHGV,Audit Success
4672,2026-05-30 17:45:21,Audit Success,N/A,Security,Info,Special Logon,DESKTOP-H1MUHGV,Audit Success
4624,2026-05-30 17:45:21,Audit Success,N/A,Security,Info,Logon,DESKTOP-H1MUHGV,Audit Success
4672,2026-05-30 17:42:24,Audit Success,N/A,Security,Info,Special Logon,DESKTOP-H1MUHGV,Audit Success
4624,2026-05-30 17:42:24,Audit Success,N/A,Security,Info,Logon,DESKTOP-H1MUHGV,Audit Success
4672,2026-05-30 17:41:45,Audit Success,N/A,Security,Info,Special Logon,DESKTOP-H1MUHGV,Audit Success
4624,2026-05-30 17:41:45,Audit Success,N/A,Security,Info,Logon,DESKTOP-H1MUHGV,Audit Success
4672,2026-05-30 17:39:31,Audit Success,N/A,Security,Info,Special Logon,DESKTOP-H1MUHGV,Audit Success
4624,2026-05-30 17:39:31,Audit Success,N/A,Security,Info,Logon,DESKTOP-H1MUHGV,Audit Success
4672,2026-05-30 17:35:15,Audit Success,N/A,Security,Info,Special Logon,DESKTOP-H1MUHGV,Audit Success
4624,2026-05-30 17:35:15,Audit Success,N/A,Security,Info,Logon,DESKTOP-H1MUHGV,Audit Success
5379,2026-05-30 17:33:39,Audit Success,N/A,Security,Info,User Account Management,DESKTOP-H1MUHGV,Audit Success
4672,2026-05-30 17:33:39,Audit Success,N/A,Security,Info,Special Logon,DESKTOP-H1MUHGV,Audit Success
4624,2026-05-30 17:33:39,Audit Success,N/A,Security,Info,Logon,DESKTOP-H1MUHGV,Audit Success
4672,2026-05-30 17:28:19,Audit Success,N/A,Security,Info,Special Logon,DESKTOP-H1MUHGV,Audit Success
4624,2026-05-30 17:28:19,Audit Success,N/A,Security,Info,Logon,DESKTOP-H1MUHGV,Audit Success
4672,2026-05-30 17:27:02,Audit Success,N/A,Security,Info,Special Logon,DESKTOP-H1MUHGV,Audit Success
4624,2026-05-30 17:27:02,Audit Success,N/A,Security,Info,Logon,DESKTOP-H1MUHGV,Audit Success
4672,2026-05-30 17:12:48,Audit Success,N/A,Security,Info,Special Logon,DESKTOP-H1MUHGV,Audit Success
4624,2026-05-30 17:12:48,Audit Success,N/A,Security,Info,Logon,DESKTOP-H1MUHGV,Audit Success
5379,2026-05-30 17:09:58,Audit Success,N/A,Security,Info,User Account Management,DESKTOP-H1MUHGV,Audit Success
5379,2026-05-30 17:09:38,Audit Success,N/A,Security,Info,User Account Management,DESKTOP-H1MUHGV,Audit Success
4672,2026-05-30 17:09:38,Audit Success,N/A,Security,Info,Special Logon,DESKTOP-H1MUHGV,Audit Success
4624,2026-05-30 17:09:38,Audit Success,N/A,Security,Info,Logon,DESKTOP-H1MUHGV,Audit Success
4634,2026-05-30 17:04:52,Audit Success,N/A,Security,Info,Logoff,DESKTOP-H1MUHGV,Audit Success
4672,2026-05-30 17:04:52,Audit Success,N/A,Security,Info,Special Logon,DESKTOP-H1MUHGV,Audit Success
4624,2026-05-30 17:04:52,Audit Success,N/A,Security,Info,Logon,DESKTOP-H1MUHGV,Audit Success
4648,2026-05-30 17:04:52,Audit Success,N/A,Security,Info,Logon,DESKTOP-H1MUHGV,Audit Success
4672,2026-05-30 17:04:44,Audit Success,N/A,Security,Info,Special Logon,DESKTOP-H1MUHGV,Audit Success
4624,2026-05-30 17:04:44,Audit Success,N/A,Security,Info,Logon,DESKTOP-H1MUHGV,Audit Success
4672,2026-05-30 17:04:43,Audit Success,N/A,Security,Info,Special Logon,DESKTOP-H1MUHGV,Audit Success
4624,2026-05-30 17:04:43,Audit Success,N/A,Security,Info,Logon,DESKTOP-H1MUHGV,Audit Success
4672,2026-05-30 17:03:37,Audit Success,N/A,Security,Info,Special Logon,DESKTOP-H1MUHGV,Audit Success
4624,2026-05-30 17:03:37,Audit Success,N/A,Security,Info,Logon,DESKTOP-H1MUHGV,Audit Success
4672,2026-05-30 17:02:42,Audit Success,N/A,Security,Info,Special Logon,DESKTOP-H1MUHGV,Audit Success
4624,2026-05-30 17:02:42,Audit Success,N/A,Security,Info,Logon,DESKTOP-H1MUHGV,Audit Success
5379,2026-05-30 17:02:37,Audit Success,N/A,Security,Info,User Account Management,DESKTOP-H1MUHGV,Audit Success
5379,2026-05-30 17:02:36,Audit Success,N/A,Security,Info,User Account Management,DESKTOP-H1MUHGV,Audit Success
4798,2026-05-30 16:28:26,Audit Success,N/A,Security,Info,User Account Management,DESKTOP-H1MUHGV,Audit Success
4672,2026-05-30 16:28:26,Audit Success,N/A,Security,Info,Special Logon,DESKTOP-H1MUHGV,Audit Success
4624,2026-05-30 16:28:26,Audit Success,N/A,Security,Info,Logon,DESKTOP-H1MUHGV,Audit Success
5379,2026-05-30 16:28:18,Audit Success,N/A,Security,Info,User Account Management,DESKTOP-H1MUHGV,Audit Success
5379,2026-05-30 16:27:13,Audit Success,N/A,Security,Info,User Account Management,DESKTOP-H1MUHGV,Audit Success
5379,2026-05-30 16:26:53,Audit Success,N/A,Security,Info,User Account Management,DESKTOP-H1MUHGV,Audit Success
4672,2026-05-30 16:26:53,Audit Success,N/A,Security,Info,Special Logon,DESKTOP-H1MUHGV,Audit Success
4624,2026-05-30 16:26:53,Audit Success,N/A,Security,Info,Logon,DESKTOP-H1MUHGV,Audit Success
4672,2026-05-30 16:20:41,Audit Success,N/A,Security,Info,Special Logon,DESKTOP-H1MUHGV,Audit Success
4624,2026-05-30 16:20:41,Audit Success,N/A,Security,Info,Logon,DESKTOP-H1MUHGV,Audit Success
4672,2026-05-30 16:17:01,Audit Success,N/A,Security,Info,Special Logon,DESKTOP-H1MUHGV,Audit Success
4624,2026-05-30 16:17:01,Audit Success,N/A,Security,Info,Logon,DESKTOP-H1MUHGV,Audit Success
4672,2026-05-30 16:13:55,Audit Success,N/A,Security,Info,Special Logon,DESKTOP-H1MUHGV,Audit Success
4624,2026-05-30 16:13:55,Audit Success,N/A,Security,Info,Logon,DESKTOP-H1MUHGV,Audit Success
5379,2026-05-30 16:13:14,Audit Success,N/A,Security,Info,User Account Management,DESKTOP-H1MUHGV,Audit Success
5379,2026-05-30 16:13:12,Audit Success,N/A,Security,Info,User Account Management,DESKTOP-H1MUHGV,Audit Success
4672,2026-05-30 16:13:12,Audit Success,N/A,Security,Info,Special Logon,DESKTOP-H1MUHGV,Audit Success
4624,2026-05-30 16:13:12,Audit Success,N/A,Security,Info,Logon,DESKTOP-H1MUHGV,Audit Success
4672,2026-05-30 16:12:55,Audit Success,N/A,Security,Info,Special Logon,DESKTOP-H1MUHGV,Audit Success
4624,2026-05-30 16:12:55,Audit Success,N/A,Security,Info,Logon,DESKTOP-H1MUHGV,Audit Success
4672,2026-05-30 16:12:54,Audit Success,N/A,Security,Info,Special Logon,DESKTOP-H1MUHGV,Audit Success
4624,2026-05-30 16:12:54,Audit Success,N/A,Security,Info,Logon,DESKTOP-H1MUHGV,Audit Success
4672,2026-05-30 16:05:56,Audit Success,N/A,Security,Info,Special Logon,DESKTOP-H1MUHGV,Audit Success
4624,2026-05-30 16:05:56,Audit Success,N/A,Security,Info,Logon,DESKTOP-H1MUHGV,Audit Success
5379,2026-05-30 16:05:48,Audit Success,N/A,Security,Info,User Account Management,DESKTOP-H1MUHGV,Audit Success
5379,2026-05-30 16:05:47,Audit Success,N/A,Security,Info,User Account Management,DESKTOP-H1MUHGV,Audit Success
5379,2026-05-30 16:05:27,Audit Success,N/A,Security,Info,User Account Management,DESKTOP-H1MUHGV,Audit Success
5379,2026-05-30 16:05:10,Audit Success,N/A,Security,Info,User Account Management,DESKTOP-H1MUHGV,Audit Success
5379,2026-05-30 16:05:09,Audit Success,N/A,Security,Info,User Account Management,DESKTOP-H1MUHGV,Audit Success
5379,2026-05-30 16:05:07,Audit Success,N/A,Security,Info,User Account Management,DESKTOP-H1MUHGV,Audit Success
5379,2026-05-30 16:04:37,Audit Success,N/A,Security,Info,User Account Management,DESKTOP-H1MUHGV,Audit Success
5379,2026-05-30 16:02:16,Audit Success,N/A,Security,Info,User Account Management,DESKTOP-H1MUHGV,Audit Success
5379,2026-05-30 16:02:15,Audit Success,N/A,Security,Info,User Account Management,DESKTOP-H1MUHGV,Audit Success
4672,2026-05-30 16:01:46,Audit Success,N/A,Security,Info,Special Logon,DESKTOP-H1MUHGV,Audit Success
4624,2026-05-30 16:01:46,Audit Success,N/A,Security,Info,Logon,DESKTOP-H1MUHGV,Audit Success
4672,2026-05-30 16:01:45,Audit Success,N/A,Security,Info,Special Logon,DESKTOP-H1MUHGV,Audit Success
4624,2026-05-30 16:01:45,Audit Success,N/A,Security,Info,Logon,DESKTOP-H1MUHGV,Audit Success
5379,2026-05-30 16:01:43,Audit Success,N/A,Security,Info,User Account Management,DESKTOP-H1MUHGV,Audit Success
5379,2026-05-30 16:00:26,Audit Success,N/A,Security,Info,User Account Management,DESKTOP-H1MUHGV,Audit Success
5379,2026-05-30 16:00:23,Audit Success,N/A,Security,Info,User Account Management,DESKTOP-H1MUHGV,Audit Success
4672,2026-05-30 16:00:01,Audit Success,N/A,Security,Info,Special Logon,DESKTOP-H1MUHGV,Audit Success
4624,2026-05-30 16:00:01,Audit Success,N/A,Security,Info,Logon,DESKTOP-H1MUHGV,Audit Success
5379,2026-05-30 15:59:51,Audit Success,N/A,Security,Info,User Account Management,DESKTOP-H1MUHGV,Audit Success
5379,2026-05-30 15:59:11,Audit Success,N/A,Security,Info,User Account Management,DESKTOP-H1MUHGV,Audit Success
5379,2026-05-30 15:58:40,Audit Success,N/A,Security,Info,User Account Management,DESKTOP-H1MUHGV,Audit Success
5379,2026-05-30 15:58:27,Audit Success,N/A,Security,Info,User Account Management,DESKTOP-H1MUHGV,Audit Success
5379,2026-05-30 15:58:23,Audit Success,N/A,Security,Info,User Account Management,DESKTOP-H1MUHGV,Audit Success
5379,2026-05-30 15:57:56,Audit Success,N/A,Security,Info,User Account Management,DESKTOP-H1MUHGV,Audit Success
5379,2026-05-30 15:57:52,Audit Success,N/A,Security,Info,User Account Management,DESKTOP-H1MUHGV,Audit Success
5379,2026-05-30 15:57:43,Audit Success,N/A,Security,Info,User Account Management,DESKTOP-H1MUHGV,Audit Success
5379,2026-05-30 15:57:11,Audit Success,N/A,Security,Info,User Account Management,DESKTOP-H1MUHGV,Audit Success
5379,2026-05-30 15:57:07,Audit Success,N/A,Security,Info,User Account Management,DESKTOP-H1MUHGV,Audit Success
5379,2026-05-30 15:57:03,Audit Success,N/A,Security,Info,User Account Management,DESKTOP-H1MUHGV,Audit Success
5379,2026-05-30 15:56:36,Audit Success,N/A,Security,Info,User Account Management,DESKTOP-H1MUHGV,Audit Success
5379,2026-05-30 15:56:34,Audit Success,N/A,Security,Info,User Account Management,DESKTOP-H1MUHGV,Audit Success
5379,2026-05-30 15:56:08,Audit Success,N/A,Security,Info,User Account Management,DESKTOP-H1MUHGV,Audit Success
4672,2026-05-30 15:56:03,Audit Success,N/A,Security,Info,Special Logon,DESKTOP-H1MUHGV,Audit Success
4624,2026-05-30 15:56:03,Audit Success,N/A,Security,Info,Logon,DESKTOP-H1MUHGV,Audit Success
5379,2026-05-30 15:56:02,Audit Success,N/A,Security,Info,User Account Management,DESKTOP-H1MUHGV,Audit Success
5379,2026-05-30 15:55:54,Audit Success,N/A,Security,Info,User Account Management,DESKTOP-H1MUHGV,Audit Success
5379,2026-05-30 15:55:51,Audit Success,N/A,Security,Info,User Account Management,DESKTOP-H1MUHGV,Audit Success
5379,2026-05-30 15:55:47,Audit Success,N/A,Security,Info,User Account Management,DESKTOP-H1MUHGV,Audit Success
5379,2026-05-30 15:55:46,Audit Success,N/A,Security,Info,User Account Management,DESKTOP-H1MUHGV,Audit Success
5379,2026-05-30 15:55:44,Audit Success,N/A,Security,Info,User Account Management,DESKTOP-H1MUHGV,Audit Success
5379,2026-05-30 15:55:43,Audit Success,N/A,Security,Info,User Account Management,DESKTOP-H1MUHGV,Audit Success
5379,2026-05-30 15:55:39,Audit Success,N/A,Security,Info,User Account Management,DESKTOP-H1MUHGV,Audit Success
5379,2026-05-30 15:55:36,Audit Success,N/A,Security,Info,User Account Management,DESKTOP-H1MUHGV,Audit Success
5379,2026-05-30 15:55:35,Audit Success,N/A,Security,Info,User Account Management,DESKTOP-H1MUHGV,Audit Success
5379,2026-05-30 15:55:31,Audit Success,N/A,Security,Info,User Account Management,DESKTOP-H1MUHGV,Audit Success
5379,2026-05-30 15:55:20,Audit Success,N/A,Security,Info,User Account Management,DESKTOP-H1MUHGV,Audit Success
5379,2026-05-30 15:55:12,Audit Success,N/A,Security,Info,User Account Management,DESKTOP-H1MUHGV,Audit Success
5379,2026-05-30 15:55:11,Audit Success,N/A,Security,Info,User Account Management,DESKTOP-H1MUHGV,Audit Success
5379,2026-05-30 15:55:04,Audit Success,N/A,Security,Info,User Account Management,DESKTOP-H1MUHGV,Audit Success
5379,2026-05-30 15:55:03,Audit Success,N/A,Security,Info,User Account Management,DESKTOP-H1MUHGV,Audit Success
5379,2026-05-30 15:54:59,Audit Success,N/A,Security,Info,User Account Management,DESKTOP-H1MUHGV,Audit Success
5379,2026-05-30 15:54:42,Audit Success,N/A,Security,Info,User Account Management,DESKTOP-H1MUHGV,Audit Success
4672,2026-05-30 15:54:37,Audit Success,N/A,Security,Info,Special Logon,DESKTOP-H1MUHGV,Audit Success
4624,2026-05-30 15:54:37,Audit Success,N/A,Security,Info,Logon,DESKTOP-H1MUHGV,Audit Success
5379,2026-05-30 15:54:37,Audit Success,N/A,Security,Info,User Account Management,DESKTOP-H1MUHGV,Audit Success
5379,2026-05-30 15:54:33,Audit Success,N/A,Security,Info,User Account Management,DESKTOP-H1MUHGV,Audit Success
5379,2026-05-30 15:54:32,Audit Success,N/A,Security,Info,User Account Management,DESKTOP-H1MUHGV,Audit Success
5379,2026-05-30 15:54:27,Audit Success,N/A,Security,Info,User Account Management,DESKTOP-H1MUHGV,Audit Success
4672,2026-05-30 15:54:09,Audit Success,N/A,Security,Info,Special Logon,DESKTOP-H1MUHGV,Audit Success
4624,2026-05-30 15:54:09,Audit Success,N/A,Security,Info,Logon,DESKTOP-H1MUHGV,Audit Success
4672,2026-05-30 15:53:23,Audit Success,N/A,Security,Info,Special Logon,DESKTOP-H1MUHGV,Audit Success
4624,2026-05-30 15:53:23,Audit Success,N/A,Security,Info,Logon,DESKTOP-H1MUHGV,Audit Success
5379,2026-05-30 15:53:22,Audit Success,N/A,Security,Info,User Account Management,DESKTOP-H1MUHGV,Audit Success
4798,2026-05-30 15:53:22,Audit Success,N/A,Security,Info,User Account Management,DESKTOP-H1MUHGV,Audit Success
4672,2026-05-30 15:53:22,Audit Success,N/A,Security,Info,Special Logon,DESKTOP-H1MUHGV,Audit Success
4624,2026-05-30 15:53:22,Audit Success,N/A,Security,Info,Logon,DESKTOP-H1MUHGV,Audit Success
5379,2026-05-30 15:49:22,Audit Success,N/A,Security,Info,User Account Management,DESKTOP-H1MUHGV,Audit Success
5379,2026-05-30 15:49:02,Audit Success,N/A,Security,Info,User Account Management,DESKTOP-H1MUHGV,Audit Success
5379,2026-05-30 15:47:06,Audit Success,N/A,Security,Info,User Account Management,DESKTOP-H1MUHGV,Audit Success
5379,2026-05-30 15:46:34,Audit Success,N/A,Security,Info,User Account Management,DESKTOP-H1MUHGV,Audit Success
5379,2026-05-30 15:46:02,Audit Success,N/A,Security,Info,User Account Management,DESKTOP-H1MUHGV,Audit Success
5379,2026-05-30 15:45:26,Audit Success,N/A,Security,Info,User Account Management,DESKTOP-H1MUHGV,Audit Success
5379,2026-05-30 15:44:54,Audit Success,N/A,Security,Info,User Account Management,DESKTOP-H1MUHGV,Audit Success
5379,2026-05-30 15:44:22,Audit Success,N/A,Security,Info,User Account Management,DESKTOP-H1MUHGV,Audit Success
5379,2026-05-30 15:43:44,Audit Success,N/A,Security,Info,User Account Management,DESKTOP-H1MUHGV,Audit Success
5379,2026-05-30 15:43:43,Audit Success,N/A,Security,Info,User Account Management,DESKTOP-H1MUHGV,Audit Success
4672,2026-05-30 15:43:37,Audit Success,N/A,Security,Info,Special Logon,DESKTOP-H1MUHGV,Audit Success
4624,2026-05-30 15:43:37,Audit Success,N/A,Security,Info,Logon,DESKTOP-H1MUHGV,Audit Success
5379,2026-05-30 15:43:37,Audit Success,N/A,Security,Info,User Account Management,DESKTOP-H1MUHGV,Audit Success
4672,2026-05-30 15:43:28,Audit Success,N/A,Security,Info,Special Logon,DESKTOP-H1MUHGV,Audit Success
4624,2026-05-30 15:43:28,Audit Success,N/A,Security,Info,Logon,DESKTOP-H1MUHGV,Audit Success
5379,2026-05-30 15:43:12,Audit Success,N/A,Security,Info,User Account Management,DESKTOP-H1MUHGV,Audit Success
4672,2026-05-30 15:43:06,Audit Success,N/A,Security,Info,Special Logon,DESKTOP-H1MUHGV,Audit Success
4624,2026-05-30 15:43:06,Audit Success,N/A,Security,Info,Logon,DESKTOP-H1MUHGV,Audit Success
5379,2026-05-30 15:42:57,Audit Success,N/A,Security,Info,User Account Management,DESKTOP-H1MUHGV,Audit Success
5379,2026-05-30 15:42:56,Audit Success,N/A,Security,Info,User Account Management,DESKTOP-H1MUHGV,Audit Success
4672,2026-05-30 15:42:49,Audit Success,N/A,Security,Info,Special Logon,DESKTOP-H1MUHGV,Audit Success
4624,2026-05-30 15:42:49,Audit Success,N/A,Security,Info,Logon,DESKTOP-H1MUHGV,Audit Success
5379,2026-05-30 15:41:33,Audit Success,N/A,Security,Info,User Account Management,DESKTOP-H1MUHGV,Audit Success
4672,2026-05-30 15:41:33,Audit Success,N/A,Security,Info,Special Logon,DESKTOP-H1MUHGV,Audit Success
4624,2026-05-30 15:41:33,Audit Success,N/A,Security,Info,Logon,DESKTOP-H1MUHGV,Audit Success
4672,2026-05-30 15:41:32,Audit Success,N/A,Security,Info,Special Logon,DESKTOP-H1MUHGV,Audit Success
4624,2026-05-30 15:41:32,Audit Success,N/A,Security,Info,Logon,DESKTOP-H1MUHGV,Audit Success
4672,2026-05-30 15:40:03,Audit Success,N/A,Security,Info,Special Logon,DESKTOP-H1MUHGV,Audit Success
4624,2026-05-30 15:40:03,Audit Success,N/A,Security,Info,Logon,DESKTOP-H1MUHGV,Audit Success
4672,2026-05-30 15:39:39,Audit Success,N/A,Security,Info,Special Logon,DESKTOP-H1MUHGV,Audit Success
4624,2026-05-30 15:39:39,Audit Success,N/A,Security,Info,Logon,DESKTOP-H1MUHGV,Audit Success
4672,2026-05-30 15:38:09,Audit Success,N/A,Security,Info,Special Logon,DESKTOP-H1MUHGV,Audit Success
4624,2026-05-30 15:38:09,Audit Success,N/A,Security,Info,Logon,DESKTOP-H1MUHGV,Audit Success
4672,2026-05-30 15:38:02,Audit Success,N/A,Security,Info,Special Logon,DESKTOP-H1MUHGV,Audit Success
4624,2026-05-30 15:38:02,Audit Success,N/A,Security,Info,Logon,DESKTOP-H1MUHGV,Audit Success
4672,2026-05-30 15:37:52,Audit Success,N/A,Security,Info,Special Logon,DESKTOP-H1MUHGV,Audit Success
4624,2026-05-30 15:37:52,Audit Success,N/A,Security,Info,Logon,DESKTOP-H1MUHGV,Audit Success
4672,2026-05-30 15:37:46,Audit Success,N/A,Security,Info,Special Logon,DESKTOP-H1MUHGV,Audit Success
4624,2026-05-30 15:37:46,Audit Success,N/A,Security,Info,Logon,DESKTOP-H1MUHGV,Audit Success
4672,2026-05-30 15:37:42,Audit Success,N/A,Security,Info,Special Logon,DESKTOP-H1MUHGV,Audit Success
4624,2026-05-30 15:37:42,Audit Success,N/A,Security,Info,Logon,DESKTOP-H1MUHGV,Audit Success
4799,2026-05-30 15:37:42,Audit Success,N/A,Security,Info,A security-enabled local group membership was enumerated.,DESKTOP-H1MUHGV,Audit Success
4672,2026-05-30 15:37:38,Audit Success,N/A,Security,Info,Special Logon,DESKTOP-H1MUHGV,Audit Success
4624,2026-05-30 15:37:38,Audit Success,N/A,Security,Info,Logon,DESKTOP-H1MUHGV,Audit Success
5379,2026-05-30 15:37:38,Audit Success,N/A,Security,Info,User Account Management,DESKTOP-H1MUHGV,Audit Success
4798,2026-05-30 15:37:38,Audit Success,N/A,Security,Info,User Account Management,DESKTOP-H1MUHGV,Audit Success
4672,2026-05-30 15:34:33,Audit Success,N/A,Security,Info,Special Logon,DESKTOP-H1MUHGV,Audit Success
4624,2026-05-30 15:34:33,Audit Success,N/A,Security,Info,Logon,DESKTOP-H1MUHGV,Audit Success
5061,2026-05-30 15:34:33,Audit Success,N/A,Security,Info,Cryptographic operation.,DESKTOP-H1MUHGV,Audit Success
5058,2026-05-30 15:34:33,Audit Success,N/A,Security,Info,Key file operation.,DESKTOP-H1MUHGV,Audit Success
4672,2026-05-30 15:33:12,Audit Success,N/A,Security,Info,Special Logon,DESKTOP-H1MUHGV,Audit Success
4624,2026-05-30 15:33:12,Audit Success,N/A,Security,Info,Logon,DESKTOP-H1MUHGV,Audit Success
4672,2026-05-30 15:31:49,Audit Success,N/A,Security,Info,Special Logon,DESKTOP-H1MUHGV,Audit Success
4624,2026-05-30 15:31:49,Audit Success,N/A,Security,Info,Logon,DESKTOP-H1MUHGV,Audit Success
4672,2026-05-30 15:27:43,Audit Success,N/A,Security,Info,Special Logon,DESKTOP-H1MUHGV,Audit Success
4624,2026-05-30 15:27:43,Audit Success,N/A,Security,Info,Logon,DESKTOP-H1MUHGV,Audit Success
4672,2026-05-30 15:22:57,Audit Success,N/A,Security,Info,Special Logon,DESKTOP-H1MUHGV,Audit Success
4624,2026-05-30 15:22:57,Audit Success,N/A,Security,Info,Logon,DESKTOP-H1MUHGV,Audit Success
4672,2026-05-30 15:18:57,Audit Success,N/A,Security,Info,Special Logon,DESKTOP-H1MUHGV,Audit Success
4624,2026-05-30 15:18:57,Audit Success,N/A,Security,Info,Logon,DESKTOP-H1MUHGV,Audit Success
4672,2026-05-30 15:15:38,Audit Success,N/A,Security,Info,Special Logon,DESKTOP-H1MUHGV,Audit Success
4624,2026-05-30 15:15:38,Audit Success,N/A,Security,Info,Logon,DESKTOP-H1MUHGV,Audit Success
4672,2026-05-30 15:06:02,Audit Success,N/A,Security,Info,Special Logon,DESKTOP-H1MUHGV,Audit Success
4624,2026-05-30 15:06:02,Audit Success,N/A,Security,Info,Logon,DESKTOP-H1MUHGV,Audit Success
4672,2026-05-30 15:06:01,Audit Success,N/A,Security,Info,Special Logon,DESKTOP-H1MUHGV,Audit Success
4624,2026-05-30 15:06:01,Audit Success,N/A,Security,Info,Logon,DESKTOP-H1MUHGV,Audit Success
4672,2026-05-30 15:04:12,Audit Success,N/A,Security,Info,Special Logon,DESKTOP-H1MUHGV,Audit Success
4624,2026-05-30 15:04:12,Audit Success,N/A,Security,Info,Logon,DESKTOP-H1MUHGV,Audit Success
4672,2026-05-30 15:04:10,Audit Success,N/A,Security,Info,Special Logon,DESKTOP-H1MUHGV,Audit Success
4624,2026-05-30 15:04:10,Audit Success,N/A,Security,Info,Logon,DESKTOP-H1MUHGV,Audit Success
5379,2026-05-30 15:04:10,Audit Success,N/A,Security,Info,User Account Management,DESKTOP-H1MUHGV,Audit Success
5379,2026-05-30 15:04:09,Audit Success,N/A,Security,Info,User Account Management,DESKTOP-H1MUHGV,Audit Success
4672,2026-05-30 15:04:09,Audit Success,N/A,Security,Info,Special Logon,DESKTOP-H1MUHGV,Audit Success
4624,2026-05-30 15:04:09,Audit Success,N/A,Security,Info,Logon,DESKTOP-H1MUHGV,Audit Success
4672,2026-05-30 15:03:58,Audit Success,N/A,Security,Info,Special Logon,DESKTOP-H1MUHGV,Audit Success
4624,2026-05-30 15:03:58,Audit Success,N/A,Security,Info,Logon,DESKTOP-H1MUHGV,Audit Success
4798,2026-05-30 15:03:58,Audit Success,N/A,Security,Info,User Account Management,DESKTOP-H1MUHGV,Audit Success
4672,2026-05-30 15:02:41,Audit Success,N/A,Security,Info,Special Logon,DESKTOP-H1MUHGV,Audit Success
4624,2026-05-30 15:02:41,Audit Success,N/A,Security,Info,Logon,DESKTOP-H1MUHGV,Audit Success
4672,2026-05-30 15:01:23,Audit Success,N/A,Security,Info,Special Logon,DESKTOP-H1MUHGV,Audit Success
4624,2026-05-30 15:01:23,Audit Success,N/A,Security,Info,Logon,DESKTOP-H1MUHGV,Audit Success
4672,2026-05-30 15:01:17,Audit Success,N/A,Security,Info,Special Logon,DESKTOP-H1MUHGV,Audit Success
4624,2026-05-30 15:01:17,Audit Success,N/A,Security,Info,Logon,DESKTOP-H1MUHGV,Audit Success
4672,2026-05-30 14:59:13,Audit Success,N/A,Security,Info,Special Logon,DESKTOP-H1MUHGV,Audit Success
4624,2026-05-30 14:59:13,Audit Success,N/A,Security,Info,Logon,DESKTOP-H1MUHGV,Audit Success
4672,2026-05-30 14:57:15,Audit Success,N/A,Security,Info,Special Logon,DESKTOP-H1MUHGV,Audit Success
4624,2026-05-30 14:57:15,Audit Success,N/A,Security,Info,Logon,DESKTOP-H1MUHGV,Audit Success
4672,2026-05-30 14:54:19,Audit Success,N/A,Security,Info,Special Logon,DESKTOP-H1MUHGV,Audit Success
4624,2026-05-30 14:54:19,Audit Success,N/A,Security,Info,Logon,DESKTOP-H1MUHGV,Audit Success
4672,2026-05-30 14:51:58,Audit Success,N/A,Security,Info,Special Logon,DESKTOP-H1MUHGV,Audit Success
4624,2026-05-30 14:51:58,Audit Success,N/A,Security,Info,Logon,DESKTOP-H1MUHGV,Audit Success
4672,2026-05-30 14:45:23,Audit Success,N/A,Security,Info,Special Logon,DESKTOP-H1MUHGV,Audit Success
4624,2026-05-30 14:45:23,Audit Success,N/A,Security,Info,Logon,DESKTOP-H1MUHGV,Audit Success
4672,2026-05-30 14:43:44,Audit Success,N/A,Security,Info,Special Logon,DESKTOP-H1MUHGV,Audit Success
4624,2026-05-30 14:43:44,Audit Success,N/A,Security,Info,Logon,DESKTOP-H1MUHGV,Audit Success
4672,2026-05-30 14:32:18,Audit Success,N/A,Security,Info,Special Logon,DESKTOP-H1MUHGV,Audit Success
4624,2026-05-30 14:32:18,Audit Success,N/A,Security,Info,Logon,DESKTOP-H1MUHGV,Audit Success
4672,2026-05-30 14:31:58,Audit Success,N/A,Security,Info,Special Logon,DESKTOP-H1MUHGV,Audit Success
4624,2026-05-30 14:31:58,Audit Success,N/A,Security,Info,Logon,DESKTOP-H1MUHGV,Audit Success
4672,2026-05-30 14:29:32,Audit Success,N/A,Security,Info,Special Logon,DESKTOP-H1MUHGV,Audit Success
4624,2026-05-30 14:29:32,Audit Success,N/A,Security,Info,Logon,DESKTOP-H1MUHGV,Audit Success
4672,2026-05-30 14:25:08,Audit Success,N/A,Security,Info,Special Logon,DESKTOP-H1MUHGV,Audit Success
4624,2026-05-30 14:25:08,Audit Success,N/A,Security,Info,Logon,DESKTOP-H1MUHGV,Audit Success
4672,2026-05-30 14:20:46,Audit Success,N/A,Security,Info,Special Logon,DESKTOP-H1MUHGV,Audit Success
4624,2026-05-30 14:20:46,Audit Success,N/A,Security,Info,Logon,DESKTOP-H1MUHGV,Audit Success
4907,2026-05-30 14:17:57,Audit Success,N/A,Security,Info,Auditing settings on object were changed.,DESKTOP-H1MUHGV,Audit Success
4907,2026-05-30 14:17:56,Audit Success,N/A,Security,Info,Auditing settings on object were changed.,DESKTOP-H1MUHGV,Audit Success
4907,2026-05-30 14:17:55,Audit Success,N/A,Security,Info,Auditing settings on object were changed.,DESKTOP-H1MUHGV,Audit Success
4907,2026-05-30 14:17:53,Audit Success,N/A,Security,Info,Auditing settings on object were changed.,DESKTOP-H1MUHGV,Audit Success
4907,2026-05-30 14:17:52,Audit Success,N/A,Security,Info,Auditing settings on object were changed.,DESKTOP-H1MUHGV,Audit Success
4907,2026-05-30 14:17:51,Audit Success,N/A,Security,Info,Auditing settings on object were changed.,DESKTOP-H1MUHGV,Audit Success
4907,2026-05-30 14:17:46,Audit Success,N/A,Security,Info,Auditing settings on object were changed.,DESKTOP-H1MUHGV,Audit Success
4907,2026-05-30 14:17:45,Audit Success,N/A,Security,Info,Auditing settings on object were changed.,DESKTOP-H1MUHGV,Audit Success
4907,2026-05-30 14:17:44,Audit Success,N/A,Security,Info,Auditing settings on object were changed.,DESKTOP-H1MUHGV,Audit Success
4907,2026-05-30 14:17:43,Audit Success,N/A,Security,Info,Auditing settings on object were changed.,DESKTOP-H1MUHGV,Audit Success
4907,2026-05-30 14:17:42,Audit Success,N/A,Security,Info,Auditing settings on object were changed.,DESKTOP-H1MUHGV,Audit Success
4907,2026-05-30 14:17:41,Audit Success,N/A,Security,Info,Auditing settings on object were changed.,DESKTOP-H1MUHGV,Audit Success
4907,2026-05-30 14:17:38,Audit Success,N/A,Security,Info,Auditing settings on object were changed.,DESKTOP-H1MUHGV,Audit Success
4672,2026-05-30 14:14:57,Audit Success,N/A,Security,Info,Special Logon,DESKTOP-H1MUHGV,Audit Success
4624,2026-05-30 14:14:57,Audit Success,N/A,Security,Info,Logon,DESKTOP-H1MUHGV,Audit Success
4907,2026-05-30 14:14:31,Audit Success,N/A,Security,Info,Auditing settings on object were changed.,DESKTOP-H1MUHGV,Audit Success
4798,2026-05-30 14:14:11,Audit Success,N/A,Security,Info,User Account Management,DESKTOP-H1MUHGV,Audit Success
4799,2026-05-30 14:14:11,Audit Success,N/A,Security,Info,A security-enabled local group membership was enumerated.,DESKTOP-H1MUHGV,Audit Success
4907,2026-05-30 14:10:43,Audit Success,N/A,Security,Info,Auditing settings on object were changed.,DESKTOP-H1MUHGV,Audit Success
4798,2026-05-30 14:10:02,Audit Success,N/A,Security,Info,User Account Management,DESKTOP-H1MUHGV,Audit Success
4799,2026-05-30 14:10:02,Audit Success,N/A,Security,Info,A security-enabled local group membership was enumerated.,DESKTOP-H1MUHGV,Audit Success
4672,2026-05-30 14:08:32,Audit Success,N/A,Security,Info,Special Logon,DESKTOP-H1MUHGV,Audit Success
4624,2026-05-30 14:08:32,Audit Success,N/A,Security,Info,Logon,DESKTOP-H1MUHGV,Audit Success
4672,2026-05-30 14:03:00,Audit Success,N/A,Security,Info,Special Logon,DESKTOP-H1MUHGV,Audit Success
4624,2026-05-30 14:03:00,Audit Success,N/A,Security,Info,Logon,DESKTOP-H1MUHGV,Audit Success
4799,2026-05-30 14:01:38,Audit Success,N/A,Security,Info,A security-enabled local group membership was enumerated.,DESKTOP-H1MUHGV,Audit Success
4799,2026-05-30 14:00:59,Audit Success,N/A,Security,Info,A security-enabled local group membership was enumerated.,DESKTOP-H1MUHGV,Audit Success
4907,2026-05-30 14:00:33,Audit Success,N/A,Security,Info,Auditing settings on object were changed.,DESKTOP-H1MUHGV,Audit Success
4907,2026-05-30 14:00:32,Audit Success,N/A,Security,Info,Auditing settings on object were changed.,DESKTOP-H1MUHGV,Audit Success
4907,2026-05-30 14:00:22,Audit Success,N/A,Security,Info,Auditing settings on object were changed.,DESKTOP-H1MUHGV,Audit Success
4907,2026-05-30 14:00:21,Audit Success,N/A,Security,Info,Auditing settings on object were changed.,DESKTOP-H1MUHGV,Audit Success
4907,2026-05-30 13:59:44,Audit Success,N/A,Security,Info,Auditing settings on object were changed.,DESKTOP-H1MUHGV,Audit Success
4907,2026-05-30 13:59:38,Audit Success,N/A,Security,Info,Auditing settings on object were changed.,DESKTOP-H1MUHGV,Audit Success
4907,2026-05-30 13:59:31,Audit Success,N/A,Security,Info,Auditing settings on object were changed.,DESKTOP-H1MUHGV,Audit Success
4672,2026-05-30 13:58:04,Audit Success,N/A,Security,Info,Special Logon,DESKTOP-H1MUHGV,Audit Success
4624,2026-05-30 13:58:04,Audit Success,N/A,Security,Info,Logon,DESKTOP-H1MUHGV,Audit Success
4907,2026-05-30 13:57:55,Audit Success,N/A,Security,Info,Auditing settings on object were changed.,DESKTOP-H1MUHGV,Audit Success
4907,2026-05-30 13:57:46,Audit Success,N/A,Security,Info,Auditing settings on object were changed.,DESKTOP-H1MUHGV,Audit Success
4907,2026-05-30 13:57:45,Audit Success,N/A,Security,Info,Auditing settings on object were changed.,DESKTOP-H1MUHGV,Audit Success
4907,2026-05-30 13:57:44,Audit Success,N/A,Security,Info,Auditing settings on object were changed.,DESKTOP-H1MUHGV,Audit Success
4907,2026-05-30 13:57:43,Audit Success,N/A,Security,Info,Auditing settings on object were changed.,DESKTOP-H1MUHGV,Audit Success
4907,2026-05-30 13:57:42,Audit Success,N/A,Security,Info,Auditing settings on object were changed.,DESKTOP-H1MUHGV,Audit Success
4907,2026-05-30 13:57:41,Audit Success,N/A,Security,Info,Auditing settings on object were changed.,DESKTOP-H1MUHGV,Audit Success
4907,2026-05-30 13:57:40,Audit Success,N/A,Security,Info,Auditing settings on object were changed.,DESKTOP-H1MUHGV,Audit Success
4907,2026-05-30 13:57:39,Audit Success,N/A,Security,Info,Auditing settings on object were changed.,DESKTOP-H1MUHGV,Audit Success
4907,2026-05-30 13:57:38,Audit Success,N/A,Security,Info,Auditing settings on object were changed.,DESKTOP-H1MUHGV,Audit Success
4907,2026-05-30 13:57:37,Audit Success,N/A,Security,Info,Auditing settings on object were changed.,DESKTOP-H1MUHGV,Audit Success
4907,2026-05-30 13:57:36,Audit Success,N/A,Security,Info,Auditing settings on object were changed.,DESKTOP-H1MUHGV,Audit Success
4907,2026-05-30 13:57:35,Audit Success,N/A,Security,Info,Auditing settings on object were changed.,DESKTOP-H1MUHGV,Audit Success
4907,2026-05-30 13:57:34,Audit Success,N/A,Security,Info,Auditing settings on object were changed.,DESKTOP-H1MUHGV,Audit Success
4907,2026-05-30 13:57:33,Audit Success,N/A,Security,Info,Auditing settings on object were changed.,DESKTOP-H1MUHGV,Audit Success
4907,2026-05-30 13:57:32,Audit Success,N/A,Security,Info,Auditing settings on object were changed.,DESKTOP-H1MUHGV,Audit Success
4907,2026-05-30 13:57:31,Audit Success,N/A,Security,Info,Auditing settings on object were changed.,DESKTOP-H1MUHGV,Audit Success
4907,2026-05-30 13:57:30,Audit Success,N/A,Security,Info,Auditing settings on object were changed.,DESKTOP-H1MUHGV,Audit Success
4907,2026-05-30 13:57:29,Audit Success,N/A,Security,Info,Auditing settings on object were changed.,DESKTOP-H1MUHGV,Audit Success
4907,2026-05-30 13:57:28,Audit Success,N/A,Security,Info,Auditing settings on object were changed.,DESKTOP-H1MUHGV,Audit Success
4907,2026-05-30 13:57:27,Audit Success,N/A,Security,Info,Auditing settings on object were changed.,DESKTOP-H1MUHGV,Audit Success
4907,2026-05-30 13:57:26,Audit Success,N/A,Security,Info,Auditing settings on object were changed.,DESKTOP-H1MUHGV,Audit Success
4907,2026-05-30 13:57:25,Audit Success,N/A,Security,Info,Auditing settings on object were changed.,DESKTOP-H1MUHGV,Audit Success
